gene,rho_immune_hot,rho_immune_cold,delta_rho,z_fisher,pvalue,hdi_low_a,hdi_high_a,hdi_low_b,hdi_high_b,prob_neg_a,prob_neg_b,ess_a,ess_b,rhat_a,rhat_b,fdr
IRF4,-0.5883087414155319,-0.14715865904114409,-0.4411500823743878,-8.189166444637001,2.6304155824736075e-16,-0.6457080443762324,-0.5277964720212935,-0.22745322763506537,-0.05468712117821428,1.0,0.999,1843.0,2288.0,1.0,1.0,1.1600132718708608e-13
BCL2,-0.13877760519030466,-0.4936680895450867,0.354890484354782,6.236527712511028,4.473900887413518e-10,-0.21202289730630802,-0.04158224035483066,-0.5595130048792925,-0.42835320415355205,0.9985,1.0,2350.0,2095.0,1.0,1.0,9.864951456746807e-08
SOX2,-0.30203829348697386,-0.5979173815717451,0.29587908808477126,5.877750798239623,4.158783514203453e-09,-0.38360442480151496,-0.2114521294911355,-0.6524723799165089,-0.5398635167302321,1.0,1.0,2152.0,1628.0,1.0,1.0,6.113411765879076e-07
GATA3,-0.28747608349121945,-0.5845973237488836,0.2971212402576642,5.8072966439407825,6.3489591791269754e-09,-0.37263222866283696,-0.20148385633625937,-0.6431717713272116,-0.5237704760860702,1.0,1.0,2277.0,1853.0,1.0,1.0,6.99972749498749e-07
MYCN,-0.4380261303369447,-0.66741863859051,0.22939250825356527,5.227232267939798,1.7206629269685316e-07,-0.5054615232580986,-0.36252425104057795,-0.7163081394994135,-0.6169203986248337,1.0,1.0,1810.0,1492.0,1.0,1.0,1.517624701586245e-05
SALL1,-0.07044842956229883,-0.37247523569223606,0.30202680612993726,4.985378673866624,6.184057519347588e-07,-0.15465780724535444,0.022476645391479755,-0.44975346905391844,-0.3004417016691256,0.9365,1.0,2382.0,2150.0,1.0,1.0,4.545282276720477e-05
TEAD3,-0.47000412533871894,-0.1961803473265442,-0.2738237780121747,-4.839111460375138,1.304208922196994e-06,-0.5393604461696682,-0.40007558328381304,-0.2792243739643676,-0.11048070914605873,1.0,1.0,1826.0,2131.0,1.0,1.0,8.216516209841062e-05
SOX9,-0.10196730434396678,-0.38104006808521784,0.27907276374125106,4.646897794777511,3.369640080721203e-06,-0.19526038783354055,-0.012993801005791061,-0.4606239323201875,-0.3083524919742668,0.9855,1.0,2653.0,2205.0,1.0,1.0,0.0001857514094497563
LIN28B,-0.15789582177389427,-0.4237644191943194,0.2658685974204251,4.555043609283076,5.23747115849026e-06,-0.24014149754690678,-0.06798479062950152,-0.49353586254797865,-0.35574923280597415,1.0,1.0,2234.0,1954.0,1.0,1.0,0.0002566360867660228
HIC2,-0.5452791150034263,-0.31145497802745903,-0.23382413697596727,-4.499685220070116,6.805416101441361e-06,-0.6078563392671879,-0.48160346646227664,-0.3896517371391229,-0.23131662689181653,1.0,1.0,1770.0,1996.0,1.0,1.0,0.000300118850073564
FOXA1,-0.29186991135288026,-0.5287170007528254,0.2368470893999451,4.4728167112155965,7.719594285069865e-06,-0.3694233940652269,-0.20753219930581407,-0.598566643242936,-0.46907028823145747,1.0,1.0,2039.0,1676.0,1.0,1.0,0.0003094855527014373
FGFR2,-0.1599672799440391,-0.41009834799429534,0.25013106805025626,4.264881902054909,2.000079650114466e-05,-0.24856412613033813,-0.07431185721310496,-0.4811628644042185,-0.3343364443296984,1.0,1.0,2379.0,2105.0,1.0,1.0,0.0007350292714170663
FOXA2,-0.35491751653893205,-0.5619563201975233,0.20703880365859123,4.1133707197469365,3.899234472150402e-05,-0.43438325897346136,-0.2782307733432716,-0.6213464269593818,-0.5014303467387966,1.0,1.0,2187.0,1724.0,1.0,1.0,0.0013227403093987134
ZNF217,-0.23140355416283329,-0.4604091110986218,0.22900555693578853,4.074967442226345,4.6020785159995095e-05,-0.32120369259048825,-0.15036026194083774,-0.5270571214031194,-0.38669996588249195,1.0,1.0,2148.0,1831.0,1.0,1.0,0.0014496547325398455
TRPS1,-0.34305678718367094,-0.5449699423351997,0.20191315515152874,3.9426386397642874,8.059003553208513e-05,-0.4191641143864693,-0.2596109277595681,-0.6098372343543113,-0.48829610766910414,1.0,1.0,2219.0,1826.0,1.0,1.0,0.0023693470446433025
MYC,-0.45121777524518425,-0.6263435643155344,0.17512578907035015,3.87273617432375,0.00010762030528336383,-0.5220512918388898,-0.38454466675604926,-0.6754189792458438,-0.5690604297487827,1.0,1.0,2023.0,2166.0,1.0,1.0,0.0029662846643727157
MITF,-0.5854971290005417,-0.3997359480632078,-0.18576118093733396,-3.846373474946472,0.00011987899035273182,-0.6439070131001836,-0.5249098441308027,-0.47200655010282183,-0.32116868605164933,1.0,1.0,1756.0,2105.0,1.0,1.0,0.003109802043856161
PAX8,-0.6024832111965494,-0.7317442375014183,0.1292610263048689,3.659588996259864,0.00025262009901206537,-0.6582798530512983,-0.5413712829427448,-0.772457351635349,-0.6895886472936441,1.0,1.0,1780.0,1441.0,1.0,1.0,0.006189192425795602
CCND2,-0.38322605872264304,-0.5627823437929821,0.17955628507033905,3.6226700359465203,0.0002915776687896745,-0.4559232325305964,-0.3048385739157741,-0.6235581098244225,-0.5000975570518382,1.0,1.0,2164.0,1884.0,1.0,1.0,0.006767671154539287
ASCL5,-0.3188508768213122,-0.10357744308607247,-0.21527343373523972,-3.519408772814836,0.00043250975193144205,-0.40314566255138645,-0.2392068741558968,-0.1913231342103177,-0.02038431170938887,1.0,0.989,2311.0,2112.0,1.0,1.0,0.009536840030088298
PXN,0.005242636736631945,-0.21556739467996403,0.22081003141659597,3.4856521712516813,0.0004909389054497485,-0.08576658462956516,0.10047625634047108,-0.3015932308542925,-0.12781457589028267,0.46,1.0,2174.0,2612.0,1.0,1.0,0.01030971701444472
IGF2BP1,-0.1859178577272187,-0.3873983709316939,0.2014805132044752,3.4294512219613065,0.0006048031332513197,-0.277346989824883,-0.10333610799719489,-0.4620568147911037,-0.30907197175561046,1.0,1.0,2317.0,2433.0,1.0,1.0,0.012123553716537817
BCL2A1,-0.2807520708816653,-0.06868766183471184,-0.21206440904695348,-3.415033738916945,0.0006377411156125192,-0.36116968154938256,-0.1941735176847723,-0.15307262581921138,0.01893463871871015,1.0,0.934,2199.0,2614.0,1.0,1.0,0.012227992695005258
USP18,-0.2864963646053925,-0.0774064285099996,-0.20908993609539292,-3.375882246091313,0.0007357940346580912,-0.3738545680083518,-0.20786195017147802,-0.16610380338787673,0.016316897596607483,1.0,0.945,2081.0,2294.0,1.0,1.0,0.013520215386842427
SEMA4B,-0.27989793342808067,-0.07695573161692873,-0.20294220181115194,-3.2714207360459007,0.001070085806869942,-0.3667208989329924,-0.20033717910390297,-0.16437008570103379,0.005299881599401646,1.0,0.957,1979.0,2390.0,1.0,1.0,0.018876313633185777
CDH1,-0.34666977441356384,-0.16025536322343256,-0.18641441119013127,-3.1088582129654108,0.0018781182415797452,-0.41661842985096054,-0.26354980134222794,-0.23949041980827696,-0.060759655302714766,1.0,1.0,2126.0,2362.0,1.0,1.0,0.03096211912007382
LDB1,-0.10530449812554898,-0.2963602298231598,0.1910557316976108,3.1061134141819418,0.0018956399461269684,-0.1916199649258321,-0.009825827940344534,-0.3729188806417527,-0.21307954303865917,0.9885,1.0,2364.0,2092.0,1.0,1.0,0.03096211912007382
SOX10,-0.8724502958524144,-0.8167865770563563,-0.05566371879605814,-3.0491263558508,0.0022950792906538545,-0.8934881152069962,-0.8498154575816452,-0.843740053154324,-0.7863542592016444,1.0,1.0,1094.0,1216.0,1.0,1.0,0.035962372941330416
BHLHE41,-0.2760839669005134,-0.08763019143068188,-0.18845377546983152,-3.0401157271339274,0.0023648725970489386,-0.3590949158329125,-0.19568003176777443,-0.16947694590078516,-0.005342847913936577,1.0,0.9805,2283.0,2850.0,1.0,1.0,0.035962372941330416
CEP170,-0.07822454334571599,-0.2609379986418854,0.1827134552961694,2.9336025656645752,0.0033505293251890923,-0.17464488336678885,0.0073104183707553005,-0.34066899959008623,-0.18023329720074566,0.9565,1.0,2616.0,2306.0,1.0,1.0,0.0485705097946589
MAFF,-0.31852710920717575,-0.1410117042036633,-0.17751540500351246,-2.923023417841872,0.0034665044397545986,-0.395374682673425,-0.2332414681496886,-0.2335683539535643,-0.058096416338228485,1.0,0.998,2475.0,2113.0,1.0,1.0,0.0485705097946589
MDM2,-0.5730729531681107,-0.43363849502212903,-0.13943445814598165,-2.9178630764846165,0.0035243907333992854,-0.6307835486479911,-0.5121473997412429,-0.5034737750285603,-0.3617142705764853,1.0,1.0,1704.0,1997.0,1.0,1.0,0.0485705097946589
DOCK7,-0.3534391159342868,-0.18193090040570745,-0.17150821552857934,-2.88167694864418,0.00395565060322692,-0.42433766152389213,-0.26647027191056555,-0.2595858436422971,-0.0901266904356659,1.0,1.0,1938.0,2632.0,1.0,1.0,0.05153369806242706
SMAD7,-0.3847025465008874,-0.21677285783414627,-0.16792968866674116,-2.880288076414527,0.003973119578509115,-0.4670038783471217,-0.3092950009381608,-0.2949098994661199,-0.12343790414253375,1.0,1.0,2160.0,2432.0,1.0,1.0,0.05153369806242706
ZEB2,-0.615099070893184,-0.48913761701747654,-0.1259614538757075,-2.831427910905176,0.004634067836200778,-0.6680072261374981,-0.5597318499726767,-0.5622468381880092,-0.42463210158685033,1.0,1.0,1783.0,1803.0,1.0,1.0,0.05540549607377142
CCNE2,-0.2583343806738643,-0.4189824136574062,0.1606480329835419,2.8310793302644246,0.004639121329507793,-0.33840280370549847,-0.17299867687100118,-0.4910350003052461,-0.34995497117014573,1.0,1.0,2345.0,1837.0,1.0,1.0,0.05540549607377142
CDH2,-0.46012006791331994,-0.30535906916236943,-0.1547609987509505,-2.8296824865106784,0.004659421954694182,-0.5264036559873779,-0.3837359663532793,-0.3881596542179265,-0.23215834377794375,1.0,1.0,1860.0,2507.0,1.0,1.0,0.05540549607377142
EXT1,-0.22209887822097654,-0.04429079433300326,-0.17780808388797328,-2.821889007196273,0.00477416972971273,-0.30308398181890217,-0.132682139970016,-0.12900524482510423,0.04386448582209268,1.0,0.833,2278.0,2467.0,1.0,1.0,0.05540549607377142
MECOM,-0.25865215845563005,-0.4180580081339982,0.15940584967836813,2.808365948253036,0.00497936080747155,-0.3450996945600242,-0.1786154210826234,-0.4873273514377469,-0.33795941868772855,1.0,1.0,2370.0,2099.0,1.0,1.0,0.0563050798998706
H4C13,-0.09351442780869754,-0.2641441644456821,0.17062973663698458,2.7476934778282214,0.006001608761464881,-0.183361268007539,-0.007229650147641431,-0.3456461777886907,-0.1782408038688002,0.9795,1.0,2532.0,2213.0,1.0,1.0,0.06616773659515031
PTPN1,-0.1985702039160285,-0.028138998217140943,-0.17043120569888756,-2.6906078003348766,0.007132198806793932,-0.28806723201320805,-0.11062052427889113,-0.11521565892116636,0.06290042006357344,1.0,0.72,2347.0,2274.0,1.0,1.0,0.07671462619014938
NFIC,-0.2283001605299717,-0.06095170077362311,-0.1673484597563486,-2.6637304271417093,0.007727946414183935,-0.32618531262209904,-0.15160950450715488,-0.1520180579774415,0.02467292790468001,1.0,0.907,2353.0,2194.0,1.01,1.0,0.08114343734893133
TCF7L2,-0.40941241830724695,-0.25985260695477463,-0.14955981135247232,-2.626218439339454,0.008633938980918762,-0.47730427413465004,-0.3355394401374754,-0.33833398648296265,-0.17885427146606658,1.0,1.0,1902.0,2289.0,1.0,1.0,0.0885480718740738
KLF3,-0.2999471041146554,-0.14031595913706285,-0.15963114497759257,-2.614697772220331,0.008930644044022343,-0.37681052435374346,-0.21074918797394382,-0.23030696526007177,-0.0544589707179472,1.0,1.0,1707.0,2751.0,1.0,1.0,0.08950940962304212
ZMIZ1,-0.12187684759432704,-0.27875249187161927,0.15687564427729223,2.546764731723854,0.010872670788976222,-0.21150499478106483,-0.02827366061746095,-0.35087576789726227,-0.19531806521388223,0.9945,1.0,2314.0,2429.0,1.0,1.0,0.10655217373196697
HECTD1,-0.2754164139431349,-0.11904133214853163,-0.15637508179460324,-2.5353206044519694,0.011234445430278784,-0.36769552263299476,-0.1963332183392837,-0.20413084610710847,-0.028419805985128832,1.0,0.9965,2080.0,2337.0,1.0,1.0,0.10770413988593355
TMEM259,-0.24131972531423582,-0.08366995868842772,-0.1576497666258081,-2.5229160824765247,0.011638617138560941,-0.32651939739174013,-0.15316334353681005,-0.17174000787614702,-0.005496323612162124,1.0,0.9765,2425.0,2104.0,1.0,1.0,0.10920489698096543
RELA,-0.26753026705941885,-0.11280452093222645,-0.1547257461271924,-2.5012505896302972,0.012375557704451454,-0.3508671612309062,-0.18537678951102837,-0.18823757171825312,-0.01770489347258697,1.0,0.9925,2226.0,2138.0,1.0,1.0,0.11370043640964773
KCMF1,-0.02560122948956245,-0.1819274953964933,0.15632626590693086,2.461668052310655,0.013829259349728144,-0.12080004167286301,0.059008649026159876,-0.2659368212659113,-0.09663971025004331,0.7105,1.0,2632.0,2476.0,1.0,1.0,0.1244633341475533
LASP1,-0.11893239359479219,-0.26698957911507804,0.14805718552028585,2.3956520574642157,0.01659083109929422,-0.20671352047807767,-0.026888468303011892,-0.35184259600618434,-0.18242578122265568,0.996,1.0,2568.0,2492.0,1.0,1.0,0.146331130295775
CHD7,-0.0497156131666876,-0.1998062415834314,0.1500906284167438,2.374707295566696,0.017562871311032718,-0.12927784384389507,0.04094980228062162,-0.2794288050281049,-0.1071798269064263,0.8735,1.0,2789.0,2180.0,1.0,1.0,0.15186718133657703
ZBTB10,-0.14657532483935223,-0.29117518824745514,0.1445998634081029,2.365955824667761,0.017983590079100463,-0.22988069945453576,-0.04990735757931214,-0.36655625502072864,-0.20802134254652005,1.0,1.0,2297.0,2128.0,1.0,1.0,0.152514677401602
H2AZ1,-0.06335539098227863,-0.2113867292152914,0.14803133823301276,2.349961929725108,0.018775331284700467,-0.16067183466356688,0.02240133466450933,-0.292625590277872,-0.1271971773818516,0.921,1.0,2742.0,2232.0,1.0,1.0,0.15622492635005483
DUSP4,-0.48281478155387203,-0.36121001496327365,-0.12160476659059838,-2.3062722507778566,0.021095424658651944,-0.5463331784700287,-0.412171778999056,-0.4343523981652399,-0.2806570799974741,1.0,1.0,2045.0,2101.0,1.0,1.0,0.17208581316938265
ESRP2,-0.20443814412669123,-0.34107825938425984,0.1366401152575686,2.299757729340953,0.021461949488245,-0.2895791644625876,-0.1175246282430289,-0.41507318287218875,-0.25975863272065386,1.0,1.0,2406.0,1995.0,1.0,1.0,0.17208581316938265
FAM120A,-0.2937536491787376,-0.1552967116321928,-0.13845693754654478,-2.2710582531550156,0.023143451750194364,-0.38245194009060807,-0.21968679556744236,-0.24947850659947152,-0.0759610630914484,1.0,1.0,2220.0,2616.0,1.0,1.0,0.18225468253278063
ME2,-0.13515152907155228,-0.27288007386227553,0.13772854479072325,2.238159113223142,0.025210680898502827,-0.22158794894459355,-0.042791350170991505,-0.3606917562558958,-0.19701309577849108,0.9965,1.0,2610.0,1994.0,1.0,1.0,0.19505105747789028
NFIB,-0.283109300846599,-0.4086599024740918,0.12555060162749276,2.221882926542517,0.026291218531709907,-0.3732992671066697,-0.2085755846459238,-0.4875288823745747,-0.33773990547409877,1.0,1.0,1990.0,2139.0,1.0,1.0,0.19820168340917144
ANKHD1,-0.3151081668610975,-0.181446667455699,-0.13366149940539848,-2.2185584563909946,0.026516778505988922,-0.40168719454136254,-0.23136982112541404,-0.2727926372964032,-0.1023088566491146,1.0,1.0,2202.0,2079.0,1.0,1.0,0.19820168340917144
CMIP,-0.26824519377092426,-0.1322862339642723,-0.13595895980665196,-2.2057730438350576,0.02739989460129286,-0.3528195535830258,-0.1870288825121169,-0.22224741617480465,-0.04641728430102582,1.0,0.996,2091.0,2540.0,1.0,1.0,0.2013892253195025
KLF6,-0.15138843065119365,-0.28581113238990474,0.1344227017387111,2.1984947363879463,0.027913869243234062,-0.23588975221406416,-0.06202379188571744,-0.3665368947000225,-0.2019067486195784,0.9995,1.0,2547.0,2237.0,1.0,1.0,0.20180354649616758
WWTR1,-0.35280685278610235,-0.46944327892516174,0.11663642613905939,2.1871834632183815,0.02872913360004255,-0.4300139508887218,-0.2763494323303654,-0.5361036793462168,-0.39856720241434657,1.0,1.0,2033.0,2077.0,1.0,1.0,0.20434754705836716
SLC66A2,-0.08113900061625445,-0.2172999257280952,0.13616092511184075,2.1684178410187926,0.03012690947520264,-0.1609802811224625,0.015772291341833666,-0.30047260491429734,-0.1427585163561082,0.9615,1.0,2298.0,2352.0,1.0,1.0,0.21085754323265524
EFNA5,-0.3285056644856805,-0.19934251817539464,-0.1291631463102859,-2.1622275472876393,0.030600641194761757,-0.40685159320500563,-0.2469422777410793,-0.2816263322908074,-0.1133352009599155,1.0,1.0,2069.0,2436.0,1.0,1.0,0.21085754323265524
CEBPB,-0.15453850311562536,-0.2860390619840225,0.13150055886839715,2.152215477372587,0.03138038718754366,-0.2359410373391635,-0.06052444042186278,-0.36193309638612003,-0.20486333565019388,0.9995,1.0,2161.0,2286.0,1.0,1.0,0.2129038576877962
RGL1,-0.1154694718814904,-0.24835446664417646,0.13288499476268606,2.139954386951288,0.0323584531476973,-0.21447129538603726,-0.032169293243763386,-0.33085136573246127,-0.16754577686568095,0.9945,1.0,2351.0,2379.0,1.0,1.0,0.21621330057779561
FOSL1,-0.3182974379830577,-0.4348139497348027,0.11651651175174499,2.115002534873212,0.034429731268666774,-0.40077202645147336,-0.24053426927853044,-0.507025669228893,-0.3683942006051009,1.0,1.0,2132.0,1929.0,1.0,1.0,0.2266195744698813
DNAH5,-0.23122650904989459,-0.09953303983944808,-0.1316934692104465,-2.1080837794564355,0.035023743239921745,-0.3162616986533451,-0.14245679697733588,-0.1902004980172301,-0.01962393758059755,1.0,0.985,2060.0,2129.0,1.0,1.0,0.22713927601184544
KRAS,-0.2933235489907599,-0.16651693630396663,-0.12680661268679327,-2.0846985442982655,0.03709667288654896,-0.37256417351516896,-0.21315221952381513,-0.24683135175625598,-0.0763696488936425,1.0,1.0,2041.0,2596.0,1.0,1.0,0.2370961267096825
ARPC3,-0.0792562556263362,-0.20868070396721386,0.12942444834087766,2.057528352982887,0.03963543049233742,-0.16825994537208538,0.006795884605690805,-0.2889593120772704,-0.11994929944804739,0.954,1.0,2777.0,2237.0,1.0,1.0,0.2486685045678256
H2BC14,-0.23153405872679414,-0.3519075716935569,0.12037351296676277,2.048834939967144,0.04047825792390729,-0.3182953743592172,-0.15032182476038697,-0.422120465034203,-0.27089937361254884,1.0,1.0,2476.0,1978.0,1.0,1.0,0.2486685045678256
FAM83H,-0.3494102465905713,-0.22891259827730862,-0.12049764831326268,-2.0476027516080944,0.04059893952127765,-0.4224472701449893,-0.26558663900870755,-0.32044560959037177,-0.14570982985625974,1.0,1.0,2254.0,2356.0,1.0,1.0,0.2486685045678256
HNRNPH1,-0.12042339346652536,-0.24714519530001017,0.1267218018334848,2.0418385476127234,0.041167549148954846,-0.21318119262879298,-0.03457983059859804,-0.3272861778938607,-0.16755375343501105,0.9945,1.0,2396.0,2260.0,1.0,1.0,0.24869711198204228
ITGB3,-0.41968614781089514,-0.3066203153810403,-0.11306583242985485,-2.0284852229640458,0.042510749961335935,-0.4952266088416147,-0.3492341778026775,-0.3903275922106682,-0.23085783496736867,1.0,1.0,2161.0,2319.0,1.0,1.0,0.25334109098579927
BTG1,-0.16714903367645711,-0.2901791162710077,0.12303008259455056,2.0211677180460508,0.043262406234815726,-0.2627829470619807,-0.08091385205428286,-0.37314235148167946,-0.21153360081547556,1.0,1.0,2635.0,1714.0,1.0,1.0,0.2543829486607165
KLHL9,-0.3929745886978784,-0.27846644934968595,-0.11450813934819243,-2.0097378478503,0.04445894194842681,-0.46484346313458197,-0.31255223996786463,-0.3516341419959932,-0.19373537055935786,1.0,1.0,1782.0,2366.0,1.0,1.0,0.25797886051652924
SYVN1,0.017928581257598775,-0.11028208590437233,0.1282106671619711,1.999926008139512,0.045508254271682966,-0.07958495118886871,0.10586587919499868,-0.2049725489041539,-0.02786176051374184,0.3365,0.9895,2588.0,2326.0,1.0,1.0,0.26063818355600243
GAB2,-0.20043130952150226,-0.31936059595459176,0.1189292864330895,1.9857822733496016,0.04705750491272951,-0.28812082762224644,-0.11583333743607493,-0.39816802122011463,-0.23910559656913155,1.0,1.0,2043.0,2035.0,1.0,1.0,0.2660558931604322
INSR,-0.24131860556685553,-0.11967430562163628,-0.12164429994521925,-1.957339201330334,0.050307601469565574,-0.32841915804662175,-0.16217061924956888,-0.2051454889721187,-0.03484841982528403,1.0,0.9975,2510.0,2368.0,1.0,1.0,0.2808310411149167
RPL22L1,-0.2539376672406344,-0.366062580851365,0.11212491361073063,1.9313525894454249,0.05343946397331645,-0.3479784451890126,-0.17908027239317703,-0.4409955858900374,-0.2932709707067845,1.0,1.0,2036.0,1930.0,1.0,1.0,0.2939374537322474
CASP3,-0.0881452368116179,-0.209037909079146,0.12089267226752809,1.9241886520553575,0.054330941025612346,-0.17811619881615526,0.0015513959105244446,-0.2887701618681944,-0.125572601880584,0.9685,1.0,2217.0,2304.0,1.0,1.0,0.2939374537322474
PHIP,-0.10613938240978693,-0.22587697392340897,0.11973759151362204,1.9165614698090203,0.05529366691785054,-0.19691205744407392,-0.015902041730003147,-0.3134062407489404,-0.14183060679948767,0.9925,1.0,2685.0,1940.0,1.0,1.0,0.2939374537322474
PRKG1,-0.08209168614270759,-0.20271523894416696,0.12062355280145937,1.9163421303235366,0.05532156158679486,-0.1741462322536637,0.007489513891156152,-0.28435303294100045,-0.12039252413048307,0.9575,1.0,2349.0,2285.0,1.0,1.0,0.2939374537322474
KCTD8,-0.09289098825034078,-0.21222801745980346,0.11933702920946268,1.9017004857774005,0.05721032233413883,-0.18449605829501042,-0.004090457572383022,-0.3023848649564429,-0.1324810838632242,0.977,1.0,2627.0,2554.0,1.0,1.0,0.3003541922542289
PLK4,-0.08745166101505741,-0.20647910624182605,0.11902744522676864,1.8934852221736969,0.05829337162532843,-0.16518373424320648,0.0051488453102732645,-0.283001951083599,-0.11935490413693334,0.9745,1.0,2159.0,2127.0,1.0,1.0,0.30243972807964514
EP300,-0.14576771070835506,-0.26181199186805937,0.1160442811597043,1.8845322764060422,0.059493013184915185,-0.228972854114728,-0.04788700953692415,-0.340374295338385,-0.17558878334107192,1.0,1.0,2248.0,2114.0,1.0,1.0,0.30268678310259534
IGF1R,-0.17180942040057431,-0.2862546945767356,0.11444527417616127,1.8800573102014124,0.06010026770016405,-0.26262240400350123,-0.08806034066934854,-0.359433703764203,-0.2034191142074358,1.0,1.0,2201.0,2314.0,1.0,1.0,0.30268678310259534
PDGFRB,-0.3626807202328731,-0.25350884234662463,-0.10917187788624849,-1.8778617242443425,0.060400083703012225,-0.43528797453553475,-0.28071581486854136,-0.33539237387893056,-0.1721048670237404,1.0,1.0,1982.0,2094.0,1.0,1.0,0.30268678310259534
ELK3,-0.3064945831269762,-0.194873049846964,-0.1116215332800122,-1.8539896039670511,0.06374064732669538,-0.38966633835052805,-0.22550234246328232,-0.27892493890383174,-0.10863266334128413,1.0,1.0,2245.0,2381.0,1.0,1.0,0.3158384884390187
MSN,-0.2565719789633427,-0.1428630506225015,-0.11370892834084123,-1.8433258988057555,0.06528144198522505,-0.3372461767922612,-0.17166826584711958,-0.23211899360968835,-0.05951806042275415,1.0,0.9995,2558.0,2465.0,1.0,1.0,0.31735975745040446
ELMO2,-0.29466644903134687,-0.18314372302794812,-0.11152272600339874,-1.8409462845051385,0.06562943075794261,-0.37203688633174353,-0.21037699053908843,-0.2714490425909766,-0.10146482735722873,1.0,1.0,2378.0,1773.0,1.0,1.0,0.31735975745040446
S100A10,-0.05406019442563112,-0.17061079989650424,0.11655060547087312,1.8370225214343872,0.06620657071527712,-0.13163862555963174,0.054050093636836216,-0.25355617311987627,-0.08117681848736558,0.882,1.0,2506.0,2335.0,1.0,1.0,0.31735975745040446
CDK6,-0.3730135844024236,-0.4694454958966967,0.0964319114942731,1.825471537715373,0.06792990248613089,-0.44674577422907036,-0.29163511557586036,-0.53432268143991,-0.39810212477575563,1.0,1.0,2260.0,2003.0,1.0,1.0,0.3221192150148787
TRIB2,-0.08687405286232366,-0.20135116288721405,0.11447711002489039,1.8193655401870636,0.06885568038533636,-0.1729360783129128,0.0032810302359445043,-0.2922447576503369,-0.12625146181265295,0.967,1.0,2580.0,2670.0,1.0,1.0,0.3230356920205674
TRIO,-0.3547189962733541,-0.2494028674668392,-0.10531612880651492,-1.80396049142397,0.07123750078452487,-0.4261958348244362,-0.26411260110735224,-0.3273085674179226,-0.16954883866486092,1.0,1.0,1986.0,2410.0,1.0,1.0,0.33069197732605754
H1-5,-0.06206072068727922,-0.1752969922754081,0.11323627158812888,1.7873297570629714,0.07388420725453149,-0.1492461422979443,0.031826347678914235,-0.2597463085052914,-0.0942819868401732,0.915,1.0,2360.0,2281.0,1.0,1.0,0.339405577075504
BCL6,-0.1208963040510341,-0.23119985074749383,0.11030354669645973,1.7714803670957064,0.07648085463833078,-0.2114867975909242,-0.031164960871954472,-0.31518788825450583,-0.15240951967307192,0.9945,1.0,2327.0,2289.0,1.0,1.0,0.34398340600490307
IMPG1,-0.03808136934484732,-0.15079534829556338,0.11271397895071605,1.7697428645069664,0.0767699857434791,-0.1280419583427292,0.04892724194812215,-0.23044254892333083,-0.05789301142329761,0.7945,1.0,2372.0,2532.0,1.0,1.0,0.34398340600490307
LAMA3,-0.2408074401672212,-0.13137542567823737,-0.10943201448898382,-1.764108317866594,0.0777137443321023,-0.32950954931730125,-0.15740236997922508,-0.21502699032070188,-0.038311487522639576,1.0,0.998,2129.0,2533.0,1.0,1.0,0.34398340600490307
PTK2,0.08574677733956282,-0.027103081632882497,0.11284985897244532,1.7575126722267782,0.0788304637932164,0.0015240108152307918,0.18074409165198468,-0.1140608732700214,0.06934000524937667,0.031,0.741,2409.0,2249.0,1.0,1.0,0.34398340600490307
ADPRS,-0.07085558853772644,-0.18178150295599138,0.11092591441826494,1.7541295651188176,0.07940830873693017,-0.15054621086824233,0.02028220730338215,-0.2668582860516167,-0.09398236253530495,0.9405,1.0,2608.0,2290.0,1.0,1.0,0.34398340600490307
KRT18,-0.1053426096805905,-0.21511424653450908,0.10977163685391858,1.753240185829041,0.07956078778344697,-0.1916605874477489,-0.009864658257582759,-0.3036869751098173,-0.13855868229584312,0.9885,1.0,2364.0,2076.0,1.0,1.0,0.34398340600490307
ZNF69,-0.1996806987723956,-0.08998744783191887,-0.10969325094047674,-1.7435364538778122,0.0812399523829069,-0.28546086348102717,-0.11533251578583531,-0.17690994122748988,-0.00931376803023487,1.0,0.9795,2402.0,2473.0,1.0,1.0,0.34526329443892895
HOXB9,-0.04289890573941313,-0.15379630167686886,0.11089739593745573,1.7424905916462383,0.08142263633026896,-0.13265074278067696,0.05407284600092166,-0.24123923280337278,-0.07181065520722862,0.8255,1.0,2634.0,2649.0,1.0,1.0,0.34526329443892895
CFLAR,-0.47382922089209345,-0.38347766302979136,-0.09035155786230209,-1.7232935758592718,0.08483544890700373,-0.545875241250235,-0.40297678333026704,-0.46127307240208726,-0.3129296792134206,1.0,1.0,1999.0,1834.0,1.0,1.0,0.3483380233729101
FERMT2,-0.5303483857835265,-0.446133255277129,-0.0842151305063975,-1.7217611024472776,0.08511280353726275,-0.5924168204801799,-0.45675934942592034,-0.5154453861549158,-0.3762478749028845,1.0,1.0,1856.0,2136.0,1.0,1.0,0.3483380233729101
RPL17,-0.12358670805631378,-0.23073997842476612,0.10715327036845235,1.721475505021931,0.08516457334295842,-0.21141062240857167,-0.03181171913206843,-0.31138285799736737,-0.1475644201549619,0.998,1.0,2158.0,2369.0,1.0,1.0,0.3483380233729101
KLF4,-0.13280283376433602,-0.23898788384249334,0.10618505007815732,1.7115166683513554,0.08698577684483907,-0.22025168371083742,-0.042891664980995836,-0.3199405483094415,-0.1586119628215949,0.9955,1.0,2354.0,2080.0,1.0,1.0,0.3483380233729101
PIK3CD,-0.29202717703942926,-0.18863995159956995,-0.10338722543985931,-1.7075679448624754,0.0877165404965869,-0.36878871199505614,-0.20353251303473824,-0.2738852594723053,-0.10409585108866842,1.0,1.0,2359.0,2371.0,1.0,1.0,0.3483380233729101
SLPI,-0.08021609717924535,-0.18785688334146736,0.107640786162222,1.7055699525326589,0.08808817776638578,-0.17346913396347924,0.004507267574966223,-0.26505487113506737,-0.09524175832430992,0.9575,1.0,2861.0,2186.0,1.0,1.0,0.3483380233729101
ZNF671,-0.16825706236350504,-0.2723204843978859,0.10406342203438088,1.7019973813954334,0.0887558591502311,-0.25628919578615394,-0.07970190749621958,-0.3601211705192773,-0.19643113270622742,0.9995,1.0,2020.0,1995.0,1.0,1.0,0.3483380233729101
SMARCA4,-0.16013074404683583,-0.26445981000312313,0.1043290659562873,1.7001414973983289,0.08910431331849843,-0.24875412049137907,-0.07449736491483078,-0.34791019649821586,-0.18362327481725904,1.0,1.0,2379.0,2229.0,1.0,1.0,0.3483380233729101
B3GNT5,-0.29187454016109415,-0.1889900131791189,-0.10288452698197526,-1.699331812651259,0.08925668172593842,-0.3749684866526462,-0.21880072615346075,-0.26979605605010737,-0.09737823262391099,1.0,1.0,2096.0,2183.0,1.0,1.0,0.3483380233729101
PDGFRA,-0.46029854698495065,-0.3713011334312192,-0.08899741355373147,-1.6749899195668834,0.09393620949255024,-0.5294040007775154,-0.38564772190739194,-0.44628881939419807,-0.29350170979096996,1.0,1.0,2222.0,2071.0,1.0,1.0,0.3633848104053917
GPX8,-0.24592262851868182,-0.3433357931803325,0.0974131646616507,1.660103809734755,0.09689357064430892,-0.326027923601878,-0.16147228660862112,-0.4250339605278526,-0.2690193781653724,1.0,1.0,2325.0,2241.0,1.0,1.0,0.37156577960121945
STMN1,-0.09699609072710416,-0.199994547610013,0.10299845688290885,1.6387149863870527,0.10127263145140941,-0.185393702825643,-0.009544393969272091,-0.2940601107614156,-0.12460738707033775,0.983,1.0,2827.0,2446.0,1.0,1.0,0.38365869261580743
LMNA,-0.19186488803984084,-0.0887719480833341,-0.10309293995650673,-1.6362513181969138,0.10178700008174484,-0.28824956381468136,-0.10622826900238747,-0.17659608526927434,-0.0031522424726573295,0.9995,0.974,2463.0,2293.0,1.0,1.0,0.38365869261580743
HHAT,-0.10896747362798267,-0.20971832622847156,0.10075085260048888,1.608403828366164,0.10774676375573909,-0.20108937417713962,-0.020489924501581547,-0.29470800899859567,-0.12507486622308783,0.9905,1.0,2381.0,2513.0,1.0,1.0,0.40268070183288934
HNF4G,-0.33482247916559393,-0.24032175329380806,-0.09450072587178587,-1.6031099406688185,0.10891038370839315,-0.4101457333277325,-0.254290150661967,-0.3237286911647068,-0.16477110365744835,1.0,1.0,2181.0,2499.0,1.0,1.0,0.4036090690369864
TFDP2,-0.13106729151266627,-0.2302328687128188,0.09916557720015254,1.5949564806271237,0.1107219679565448,-0.21969621935295147,-0.042005677856571166,-0.31195556429459215,-0.1496898349375546,0.9985,1.0,2457.0,2263.0,1.0,1.0,0.4069032322403021
HDAC4,-0.2149094547772352,-0.3096989809388684,0.09478952616163319,1.5839175049778533,0.11321249330406363,-0.3009409322410659,-0.1256845962320719,-0.3863198245486789,-0.22133774992692729,1.0,1.0,2169.0,2459.0,1.0,1.0,0.4126174342734881
VIM,-0.18656373488331285,-0.08794386030145818,-0.09861987458185467,-1.5637637674491653,0.11787305615859127,-0.2722395403429416,-0.0995185062557638,-0.17134873699802938,0.005055882569039882,1.0,0.974,2525.0,2157.0,1.0,1.0,0.4260821128355635
YPEL5,-0.0780284005459517,-0.1755470370852927,0.09751863653934101,1.541910439284188,0.12309535879776172,-0.17687195534268496,0.0049704732356812276,-0.2627876616020024,-0.09793633665890539,0.9605,1.0,2097.0,2159.0,1.0,1.0,0.4413418961773408
CCND3,-0.30739566385781714,-0.3919186581498959,0.08452299429207877,1.4984040313510385,0.1340283096458537,-0.3871337470331216,-0.2241325711971211,-0.46553846330168364,-0.3121957169544473,1.0,1.0,2374.0,2287.0,1.0,1.0,0.4580828041431775
AKT1,-0.16117691857407848,-0.2532408930461081,0.0920639744720296,1.4965368578605418,0.13451381048957423,-0.24533780654416398,-0.06671963206284115,-0.33507188202686183,-0.1718311225543907,1.0,1.0,2315.0,2095.0,1.0,1.0,0.4580828041431775
TFAP2C,-0.2702439802717168,-0.35696395551061405,0.08671997523889724,1.4964926149374929,0.1345253309646875,-0.3542782904292739,-0.1860631404236251,-0.4296228172651493,-0.28127190207551495,1.0,1.0,1797.0,2067.0,1.0,1.0,0.4580828041431775
CDH11,-0.33496514116567644,-0.24699106204069274,-0.0879740791249837,-1.4953968811302754,0.13481089403774185,-0.41490804230360606,-0.2543441043729546,-0.32855935520223967,-0.16115873547383947,1.0,1.0,2398.0,2544.0,1.0,1.0,0.4580828041431775
HMGA2,-0.19831595536914678,-0.2885130183253615,0.09019706295621474,1.4916646680708279,0.13578707592064757,-0.2936381884730348,-0.1152841695038258,-0.36490686785549586,-0.21000006710771663,1.0,1.0,1985.0,2058.0,1.0,1.0,0.4580828041431775
NEDD9,-0.3760785226445317,-0.4552113023326533,0.0791327796881216,1.4886392077778225,0.1365824012384061,-0.45062756963603445,-0.297416034663323,-0.531783010355318,-0.3917170846560458,1.0,1.0,2525.0,2146.0,1.0,1.0,0.4580828041431775
XRCC5,-0.09956737695548906,-0.19310911835881897,0.09354174140332991,1.4870293719609695,0.13700705358111953,-0.18825339776670308,-0.00950638635459905,-0.27741883417555635,-0.11031964303522063,0.985,1.0,2302.0,2410.0,1.0,1.0,0.4580828041431775
RASGRP3,-0.19946567814022634,-0.2893022734824574,0.08983659534223107,1.4864427760979038,0.13716204235565155,-0.2911223581005427,-0.11496325681949754,-0.3728806112250804,-0.21264178667360079,1.0,1.0,2017.0,2146.0,1.0,1.0,0.4580828041431775
EZH2,-0.05970107181911288,-0.1536543225040317,0.0939532506849188,1.478363476404332,0.1393105158496443,-0.14424847656239498,0.03564001856782095,-0.24460852443523406,-0.0724504456666884,0.9035,0.9995,2276.0,2722.0,1.0,1.0,0.4580828041431775
SETMAR,-0.1250543005109691,-0.21720531267069657,0.09215101215972746,1.4768083830332943,0.1397270088040316,-0.21157825742764036,-0.03581165076631526,-0.3011235801909766,-0.1304893773997327,0.9975,1.0,2386.0,2527.0,1.0,1.0,0.4580828041431775
SCD,-0.22010428789951617,-0.12824139209965232,-0.09186289579986384,-1.473784922003619,0.14053950926332734,-0.30012277770698587,-0.13376625655432767,-0.2138816147071721,-0.04415570649947731,1.0,0.997,2297.0,2484.0,1.0,1.0,0.4580828041431775
PPCDC,-0.14611522102223698,-0.052366840037345236,-0.09374838098489174,-1.4728447951664905,0.1407928904834325,-0.2370089817256003,-0.06229665149936686,-0.13231093556199663,0.04089166604591399,0.9995,0.879,2482.0,2513.0,1.0,1.0,0.4580828041431775
ATIC,-0.2233302243135973,-0.13213927259081648,-0.09119095172278083,-1.4648880355032314,0.14295146761091881,-0.3076705460667473,-0.13754123886662395,-0.21428552521796873,-0.043472938328930455,1.0,0.998,1889.0,2180.0,1.0,1.0,0.4580828041431775
UPK1A,-0.04270927818780504,-0.13596448099605052,0.09325520280824548,1.4623162019593812,0.1436545807003992,-0.135362863356147,0.04299953085874053,-0.22829526781675225,-0.05196755529136393,0.822,0.997,2966.0,2196.0,1.0,1.0,0.4580828041431775
PREX1,-0.19996504825633482,-0.2882920849310846,0.08832703667474978,1.4612270620391006,0.14395313868023246,-0.28408343971600813,-0.10940174594490415,-0.36529158640786236,-0.2070531364181336,1.0,1.0,2502.0,1707.0,1.0,1.0,0.4580828041431775
SOCS3,-0.22662130355889598,-0.31359751260481056,0.08697620904591458,1.459656961357537,0.14438437590907408,-0.3120021474473982,-0.14336733216423042,-0.3886552704702222,-0.22652902333646857,1.0,1.0,2552.0,2344.0,1.0,1.0,0.4580828041431775
HNF1B,-0.7809494221673926,-0.7421120079272874,-0.03883741424010523,-1.4399191774837734,0.149890266699991,-0.8139271660608562,-0.7444687897670628,-0.7764415463733103,-0.6992643323512666,1.0,1.0,1215.0,1358.0,1.0,1.0,0.4721543401049717
NFIL3,-0.10489936494295216,-0.19453642847148991,0.08963706352853776,1.4263258113419937,0.15377431741962783,-0.19811811673159707,-0.017922958680217427,-0.2833436906933074,-0.1204140189237819,0.991,1.0,2755.0,2148.0,1.0,1.0,0.4800280371060481
ZBTB7B,-0.22128503957291867,-0.3063996255047259,0.08511458593180721,1.4232043396286251,0.15467692797156565,-0.3109273469537652,-0.13811615677518851,-0.3855191744829169,-0.2243195394357611,1.0,1.0,2347.0,2176.0,1.0,1.0,0.4800280371060481
DNAJC15,-0.17748592952017903,-0.26430322508196447,0.08681729556178544,1.4198362807277318,0.15565534990060062,-0.26009274276995115,-0.08950631093577588,-0.3477402414704324,-0.18345253759780628,1.0,1.0,2513.0,2228.0,1.0,1.0,0.4800280371060481
ACTR3B,-0.22189633991558175,-0.13388133341407912,-0.08801500650150262,-1.4138715945852995,0.1573996075304981,-0.30174816896207046,-0.13348350734148307,-0.2212136597357644,-0.04354221091847221,1.0,0.998,2459.0,2599.0,1.0,1.0,0.4820362980621504
ZFX,-0.19348502505897505,-0.10514585816711827,-0.08833916689185678,-1.4054694750860237,0.15988172009491586,-0.2761824247124638,-0.10190869269671254,-0.18831133488887092,-0.019244342833003858,1.0,0.9955,2373.0,2532.0,1.0,1.0,0.48458432871076823
DUSP10,-0.3698014521327603,-0.28951888213346844,-0.08028256999929184,-1.4013153341816404,0.16111979771321627,-0.4401109630654205,-0.2827368571534836,-0.36779475761074204,-0.21087899684021844,1.0,1.0,2006.0,2344.0,1.0,1.0,0.48458432871076823
PSIP1,-0.25259659951112745,-0.16666754630842662,-0.08592905320270083,-1.3981349053143044,0.1620725597532684,-0.3382770808200841,-0.1726621303129386,-0.2474121696187654,-0.08021860001360276,1.0,1.0,2418.0,2619.0,1.0,1.0,0.48458432871076823
ITGB5,-0.2914815228498002,-0.3712546110162441,0.07977308816644385,1.3941787962241794,0.16326361929198507,-0.3647244935868377,-0.19849430633416265,-0.44553652451309317,-0.29692310308177006,1.0,1.0,2341.0,2104.0,1.0,1.0,0.48458432871076823
RNF139,-0.26213311200204437,-0.34344416918356274,0.08131105718151838,1.3926496178127201,0.16372577092495344,-0.3457035176630918,-0.17722736362438368,-0.41560163855320087,-0.2642225194421992,1.0,1.0,1908.0,2349.0,1.0,1.0,0.48458432871076823
ZEB1,-0.45263002732198543,-0.37890278011209433,-0.0737272472098911,-1.3869080791161548,0.16546979397642858,-0.5267241280363191,-0.3811702147068423,-0.45881305647872717,-0.3057523937318345,1.0,1.0,2008.0,1660.0,1.0,1.0,0.48633820900122077
DMRTA1,-0.18907958476383646,-0.10202294731747125,-0.08705663744636521,-1.38345966339963,0.16652396725438623,-0.2668333778547982,-0.09551799454186544,-0.19717160227392055,-0.02083896876350866,1.0,0.985,2515.0,2426.0,1.0,1.0,0.48633820900122077
NFKB2,-0.1948757145835136,-0.10829029747514873,-0.08658541710836487,-1.3784932623462836,0.16805104666275494,-0.272327153817919,-0.10476709065862111,-0.19996145674312893,-0.02221000014872626,1.0,0.991,2504.0,2029.0,1.0,1.0,0.4875691551202298
FDPS,-0.21227531492502658,-0.1264616391731168,-0.08581367575190976,-1.3742450785555915,0.16936561036005593,-0.2921319670958122,-0.12597247303790615,-0.2105588227241046,-0.0346738414038254,1.0,0.9965,1948.0,2346.0,1.0,1.0,0.48817146515545534
TWIST1,-0.3579093872555493,-0.27893777144959064,-0.07897161580595868,-1.3671838591693373,0.17156768327283312,-0.4395127364286516,-0.28584954746071256,-0.3547195532427192,-0.19772293863308477,1.0,1.0,2147.0,2488.0,1.0,1.0,0.4913074566449312
EPS8,-0.2415381425838928,-0.15772694771525714,-0.08381119486863567,-1.3577937278829184,0.1745291457072261,-0.32519551461636936,-0.16017421134508636,-0.24162874029011222,-0.0746747028310461,1.0,0.9985,2508.0,2352.0,1.0,1.0,0.4965635693992691
ENSA,-0.20506248164364477,-0.12092724422756418,-0.08413523741608059,-1.3443878059922136,0.1788230149148331,-0.2915758024022188,-0.11829306105642479,-0.204818642015405,-0.0316508504070257,1.0,0.997,2275.0,2480.0,1.0,1.0,0.50274388148802
AKT3,-0.21144538105993776,-0.29230767480783315,0.08086229374789539,1.3430530253772581,0.1792548046101683,-0.3031035066052316,-0.1323611084639038,-0.3761536323152337,-0.21101332932941247,1.0,1.0,2287.0,2315.0,1.0,1.0,0.50274388148802
FOXR2,-0.2182790002832938,-0.2986795132113381,0.08040051292804432,1.3402095086316481,0.18017724111526046,-0.3042384808011858,-0.1302480696256763,-0.38032112490604814,-0.22074963118662666,1.0,1.0,2231.0,2444.0,1.0,1.0,0.50274388148802
RASD1,-0.10338936673632229,-0.18722470357834142,0.08383533684201913,1.3321034460498657,0.18282619812168754,-0.192764692651839,-0.014878257085310709,-0.27666564900128515,-0.1100077044820964,0.9885,1.0,2427.0,2350.0,1.0,1.0,0.50274388148802
GNAI1,-0.12296622941138671,-0.2061998276251024,0.08323359821371568,1.3306748994613975,0.1832960055966677,-0.21488655005948093,-0.033575744757439185,-0.2836824905692259,-0.1180091060696346,0.998,1.0,2026.0,2470.0,1.0,1.0,0.50274388148802
GLIPR1L2,-0.13282884868429412,-0.2157343938002999,0.08290554511600579,1.3299297538259676,0.18354141705118188,-0.22027548358727334,-0.0429219169157129,-0.30292711246163645,-0.13769517341187143,0.9955,1.0,2354.0,2257.0,1.0,1.0,0.50274388148802
CDKN2A,-0.23559411113264608,-0.15412396203435108,-0.081470149098295,-1.3172241532261564,0.18776350008823972,-0.3137676011611301,-0.1476094172987661,-0.24090281499077393,-0.07162596438919522,1.0,0.9995,2314.0,2515.0,1.0,1.0,0.5072104148729221
BET1L,-0.23142759683652395,-0.3098166731986034,0.07838907636207945,1.315718867099548,0.18826841926704319,-0.3265377850623987,-0.15358817271897024,-0.38786614518843665,-0.2311292145990715,1.0,1.0,2115.0,2259.0,1.0,1.0,0.5072104148729221
PTP4A1,-0.2504584995170598,-0.3279053397181355,0.07744684020107573,1.314665140128043,0.1886224672089778,-0.33458639585877625,-0.1686039092659728,-0.4047958420993866,-0.25075493986325886,1.0,1.0,2379.0,2160.0,1.0,1.0,0.5072104148729221
TBX3,-0.20435357061930648,-0.2831000237341573,0.07874645311485085,1.3022274779681895,0.19283863456263017,-0.28950913285480673,-0.11743128434424599,-0.36336667035028714,-0.19633983277020883,1.0,1.0,2406.0,1909.0,1.0,1.0,0.5140732074313176
DIPK1A,-0.18656061790512993,-0.10473403688327101,-0.08182658102185891,-1.3002770977058038,0.19350601458865924,-0.26861381815949925,-0.09718947019485169,-0.2059661983971952,-0.022656419031381103,1.0,0.9865,2393.0,2515.0,1.0,1.0,0.5140732074313176
RBM47,-0.2632854172674238,-0.338768000828901,0.07548258356147719,1.2911533996372417,0.19665049042646143,-0.3445033413760474,-0.1774141871086275,-0.40879930493424044,-0.25504571245871516,1.0,1.0,2612.0,2097.0,1.0,1.0,0.5150832102131438
AP1M1,-0.30238613716258,-0.225198743398327,-0.07718739376425302,-1.2904231118629725,0.19690379184807327,-0.3912587128606422,-0.22063417696237386,-0.30868235048375925,-0.14543665388534843,1.0,1.0,2188.0,2173.0,1.0,1.0,0.5150832102131438
ZNF296,-0.21250242105254877,-0.13208653694009673,-0.08041588411245204,-1.2890227878039524,0.1973901644580982,-0.2930060931020754,-0.12775258300854575,-0.2102091757758608,-0.039884244524265144,1.0,0.997,2581.0,2142.0,1.0,1.0,0.5150832102131438
YBX1,-0.25305718076193834,-0.1748060763730409,-0.07825110438889743,-1.2754791116884774,0.20213971291867294,-0.3338698303217129,-0.15910595486798496,-0.2654761491428946,-0.09158046261178926,1.0,1.0,2393.0,2485.0,1.0,1.0,0.524374196453734
IRF2BP2,-0.19352776186032872,-0.11384565052779913,-0.07968211133252959,-1.2692889052485237,0.2043380419483013,-0.27853980896519287,-0.1039028654764158,-0.20173749010086683,-0.03233084606721226,1.0,0.994,2710.0,2044.0,1.0,1.0,0.526516067533018
PDPR,-0.24133843939630975,-0.16324567730706738,-0.07809276208924237,-1.2664466858256362,0.2053532054777304,-0.32844266848867815,-0.16219181852761522,-0.24576357141005123,-0.08804734710691126,1.0,1.0,2509.0,2318.0,1.0,1.0,0.526516067533018
TADA1,-0.04284730964464456,-0.12339143323403778,0.08054412358939322,1.2613868017273284,0.20716952115232856,-0.12980909634658827,0.04794063690711581,-0.21255203259720007,-0.03913984227395084,0.826,0.998,2491.0,2643.0,1.0,1.0,0.5281026521859936
PCBD1,-0.16584616933062757,-0.24317417899743535,0.07732800966680778,1.2552135825790507,0.20940123611322936,-0.26195197001370296,-0.08685614000435932,-0.3199304599494846,-0.15413002014033111,0.9995,1.0,2268.0,2350.0,1.0,1.0,0.5307238225628399
MYB,-0.31312636589348786,-0.23879399604973742,-0.07433236984375044,-1.2514886091742483,0.21075626694046223,-0.3862528247364719,-0.22846083963487146,-0.3279646063564296,-0.16054133114248437,1.0,1.0,2138.0,2682.0,1.0,1.0,0.5311057926899648
TP63,-0.6887161942233583,-0.728348365436707,0.03963217121334872,1.2387117198705484,0.2154522768667102,-0.7343355474933897,-0.6383831792400896,-0.7680845178965121,-0.6854705188167074,1.0,1.0,1269.0,1140.0,1.0,1.0,0.5398548528307909
PIM1,-0.20189344177464494,-0.27608989806148043,0.0741964562868355,1.2239071908553558,0.2209872406431228,-0.28400446853846534,-0.1182617088052007,-0.3571876530579312,-0.19579224473302043,1.0,1.0,2102.0,2332.0,1.0,1.0,0.5467564782505374
FGD1,-0.22032752151802776,-0.14439955332878418,-0.07592796818924358,-1.2215087659997306,0.2218934486396742,-0.3040330668350681,-0.13457799526131486,-0.22923242593614873,-0.05716078020232329,1.0,1.0,2671.0,2233.0,1.0,1.0,0.5467564782505374
TP53BP2,-0.13984113568069453,-0.062334050188344065,-0.07750708549235047,-1.2178433201039403,0.2232835186131562,-0.22238134225238276,-0.04406501375301097,-0.14464886679736888,0.026819447558355858,0.9985,0.916,2061.0,2446.0,1.0,1.0,0.5467564782505374
DHODH,-0.05265525888862441,-0.13020079568070037,0.07754553679207596,1.216157311008836,0.22392500204296517,-0.1348035246020433,0.04157578515478866,-0.21102650638086645,-0.040935952467422654,0.8765,0.999,2751.0,2589.0,1.0,1.0,0.5467564782505374
BCL2L1,-0.3651554347408801,-0.2956968493151153,-0.06945858542576477,-1.2128007778683638,0.2252059979573231,-0.44891746403220895,-0.2941218757565652,-0.37628347410784113,-0.21481669321012364,1.0,1.0,2048.0,2276.0,1.0,1.0,0.5467564782505374
DOCK2,0.02397409657404659,-0.053612333666374856,0.07758643024042144,1.2068679577284371,0.22748299935357252,-0.059666600408854686,0.12075864128454161,-0.13556300973952262,0.036261779411435935,0.2955,0.888,2539.0,2575.0,1.0,1.0,0.5467564782505374
ARHGAP29,-0.3254699190930528,-0.3929761924344498,0.06750627334139703,1.2056155273750244,0.2279657693448589,-0.4056698053029246,-0.24560628032245196,-0.46604083170459587,-0.31505635131151516,1.0,1.0,2362.0,2339.0,1.0,1.0,0.5467564782505374
MKRN1,-0.18473830461348192,-0.109003023162343,-0.07573528145113892,-1.2038166196196372,0.22866046459228262,-0.26724291432624264,-0.09538130586495569,-0.20056214677418233,-0.02204288578122715,1.0,0.993,2455.0,2411.0,1.0,1.0,0.5467564782505374
DGKI,-0.09926673938682651,-0.17510060153089102,0.07583386214406451,1.2019962976495382,0.2293649625314046,-0.18868215493629914,-0.010528357968752344,-0.2570223399231193,-0.08575344732141549,0.9835,1.0,2082.0,2083.0,1.0,1.0,0.5467564782505374
UGT2B17,-0.1294477050716164,-0.053329610664727856,-0.07611809440688855,-1.1937390721403003,0.23258005147951422,-0.21864579283829683,-0.04639213281911769,-0.13392197566175934,0.043015432677522725,0.9985,0.892,2539.0,2346.0,1.0,1.0,0.548766717087234
CLMP,-0.22844953484808292,-0.1545265135525527,-0.07392302129553022,-1.1934402538113102,0.23269699794855503,-0.3181953295818701,-0.1413608424281454,-0.2479094460592321,-0.07806112637069584,1.0,0.9995,2348.0,2340.0,1.0,1.0,0.548766717087234
LPAR1,-0.3255111156225367,-0.39204115431965825,0.06653003869712154,1.1877181600724607,0.23494446666855429,-0.40570771631753977,-0.2456497108954761,-0.4618979551882818,-0.3164637861653832,1.0,1.0,2362.0,2036.0,1.0,1.0,0.5511197329831513
EGFR,-0.2780037173474039,-0.34661714755590145,0.06861343020849753,1.1825272979804056,0.23699654058810626,-0.35579429877134783,-0.19659441894918328,-0.4190559641115929,-0.2693189136426222,1.0,1.0,2202.0,2077.0,1.0,1.0,0.5529919280389146
CTNNB1,-0.1549758017992314,-0.22792843115175382,0.07295262935252242,1.1777402806967414,0.23890016311284612,-0.24035113626187737,-0.06356044418699303,-0.3149126734946331,-0.1496287626323452,0.999,1.0,2750.0,1972.0,1.0,1.0,0.5544998522777113
MSI2,-0.28150230584400315,-0.21131846293460288,-0.07018384290940027,-1.1620922921830512,0.24519797799764698,-0.3677591097498039,-0.20172301971944023,-0.29256078436020494,-0.12713139347592645,1.0,1.0,1898.0,2233.0,1.0,1.0,0.5631360890867035
GRHL2,-0.6205346474228934,-0.5724770047651067,-0.04805764265778678,-1.1607325438405636,0.24575068287931168,-0.6742573524205373,-0.5638314682129426,-0.6279976129560376,-0.5115703873016115,1.0,1.0,1785.0,1439.0,1.0,1.0,0.5631360890867035
RHD,-0.2320343712941352,-0.1604447401424741,-0.07158963115166112,-1.1579496907745952,0.24688456758469246,-0.31651500276569605,-0.1439587473056711,-0.24597530355087965,-0.07836568322631621,1.0,0.9995,2091.0,2337.0,1.0,1.0,0.5631360890867035
ACTB,-0.21840870213051677,-0.1465759902891016,-0.07183271184141518,-1.1556130107379181,0.24783948378735676,-0.3043703221979857,-0.13037492837198977,-0.22667211851290547,-0.057587382431817546,1.0,1.0,2231.0,2407.0,1.0,1.0,0.5631360890867035
SQSTM1,-0.3167803162388265,-0.24858328131113816,-0.06819703492768836,-1.1527676796245305,0.2490057536777941,-0.3970787867394124,-0.23735375150907206,-0.3270335880777671,-0.1677376750208721,1.0,1.0,2136.0,2537.0,1.0,1.0,0.5631360890867035
DENND4A,-0.10489647197154808,-0.17721761498057667,0.07232114300902859,1.1475270357302314,0.25116386600277674,-0.19811582304717973,-0.017920242425327748,-0.2629739606284,-0.09103690450583457,0.991,1.0,2755.0,2292.0,1.0,1.0,0.5651186985062477
PHF13,-0.14900226512328885,-0.21898607246236082,0.06998380733907197,1.1264824578088923,0.2599613616782036,-0.23626663027232458,-0.06182758184446291,-0.29887507178595735,-0.1378518277145544,1.0,1.0,2555.0,2279.0,1.0,1.0,0.5776219434174366
LRPPRC,-0.08661081710411112,-0.15792699598026685,0.07131617887615574,1.1258702551093875,0.2602204413155754,-0.172519961886626,0.0012530033928483952,-0.2372613081973196,-0.0659489599065608,0.9715,0.9995,2349.0,2309.0,1.0,1.0,0.5776219434174366
XYLT2,-0.10272690337273582,-0.17360034984284708,0.07087344647011126,1.1236065891318505,0.2611799595667942,-0.19742304020091384,-0.021863676691540768,-0.2580346875000752,-0.08554676141851475,0.9875,1.0,2364.0,2192.0,1.0,1.0,0.5776219434174366
KCNMA1,-0.12204627585988992,-0.19235103496999084,0.07030475911010092,1.1210218789215922,0.2622785495202167,-0.20826193563894085,-0.035387510077812934,-0.27750141189078986,-0.11048526390486973,0.9965,1.0,2145.0,2233.0,1.0,1.0,0.5776219434174366
NAV2,-0.26719602582371665,-0.19917352396420698,-0.06802250185950967,-1.118695969247438,0.26326986536713093,-0.3512304783965367,-0.18554783204665487,-0.28784413111384044,-0.11752313553067162,1.0,1.0,2389.0,2089.0,1.0,1.0,0.5776219434174366
MTAP,-0.45311929724581956,-0.3951146807128796,-0.05800461653293998,-1.1000743302692244,0.27129973719481326,-0.5214857966178115,-0.3830944044051616,-0.4687730984874108,-0.31808405625973957,1.0,1.0,1918.0,1634.0,1.0,1.0,0.5922929906084785
TUBB,-0.3290302161556595,-0.2649571867740006,-0.06407302938165893,-1.0928605203375175,0.27445504456196756,-0.4043611033553511,-0.24683147159068608,-0.3523245235950594,-0.18803127511810835,1.0,1.0,2196.0,2348.0,1.0,1.0,0.5945230450503058
HBQ1,-0.0925530609568915,-0.16151702129570644,0.06896396033881494,1.0900210011079439,0.2757038931497027,-0.18820899068577002,-0.0053164701705391,-0.24680570273622626,-0.08149974486501721,0.973,0.9995,1999.0,2393.0,1.0,1.0,0.5945230450503058
SPINT2,-0.3023527429109025,-0.2374578720563373,-0.06489487085456522,-1.0885200553010632,0.2763655878351762,-0.3912294946347932,-0.22060212006070185,-0.31489286869314986,-0.1527089050094142,1.0,1.0,2188.0,2583.0,1.0,1.0,0.5945230450503058
WDR83OS,-0.13271366718693856,-0.19955135978935604,0.06683769260241748,1.0688631951762448,0.28513131837809036,-0.22017010133140907,-0.04278798574668219,-0.2936036798028887,-0.12414118301768551,0.9955,1.0,2354.0,2447.0,1.0,1.0,0.6094909405488852
NUDT22,-0.1316386969708565,-0.1983419853516068,0.06670328838075029,1.066296437371581,0.28628965948522966,-0.21642385258542202,-0.03915562696030972,-0.27464599581266486,-0.10886885231367721,0.9975,1.0,2611.0,2079.0,1.0,1.0,0.6094909405488852
COPG1,-0.10640721585692736,-0.17347064463366735,0.06706342877673999,1.0636889100605975,0.28746964996410007,-0.2013313290695813,-0.02847241918351351,-0.25590020581639994,-0.08518371034482519,0.989,1.0,2242.0,2098.0,1.0,1.0,0.6094909405488852
ILK,-0.07406732442531805,-0.14098244809072077,0.06691512366540273,1.0527051526172573,0.2924761464005401,-0.16281690053093806,0.02175310780657913,-0.2288237339291203,-0.055253674364233785,0.942,0.998,2441.0,2615.0,1.0,1.0,0.6171075399444472
ZNF596,-0.180350191492791,-0.24467859779827827,0.06432840630548728,1.0476597838627812,0.2947953825658367,-0.2656716770994856,-0.09125891265636626,-0.32315324365036563,-0.16316105876003828,1.0,1.0,2287.0,2397.0,1.0,1.0,0.6171075399444472
H3C7,-0.17419673373597977,-0.2385547660803231,0.06435803234434334,1.0453221250476685,0.2958741152724177,-0.2541472005702874,-0.08169032246379565,-0.3185700280896817,-0.1531304764875489,1.0,1.0,2489.0,2351.0,1.0,1.0,0.6171075399444472
UBE2H,-0.08911812751869583,-0.15523036909416182,0.066112241575466,1.043623951569863,0.2966594069574213,-0.17810435265217328,0.005857694414778791,-0.23775234358259117,-0.06592954792117411,0.97,0.9985,2669.0,2523.0,1.0,1.0,0.6171075399444472
PARD6B,-0.4007611523503828,-0.45476260184963024,0.054001449499247456,1.0279650489977663,0.30396626874870025,-0.4717997083535214,-0.3197352661344471,-0.5288300627687921,-0.3912597571243659,1.0,1.0,2258.0,1980.0,1.0,1.0,0.6225741716739308
CHD1,-0.1880825216829887,-0.12360249200889362,-0.06448002967409508,-1.02762134383072,0.30412798017661924,-0.2754447339614854,-0.10498996730785803,-0.21074797430224285,-0.039184173210854434,1.0,0.9995,2405.0,2716.0,1.0,1.0,0.6225741716739308
RPS6KA3,-0.19337602568497145,-0.1290972983621679,-0.06427872732280354,-1.0262128899724619,0.30479124682682013,-0.2802138091431181,-0.10698014104125586,-0.22253985792949132,-0.04830012903904718,1.0,0.9975,2345.0,2328.0,1.0,1.0,0.6225741716739308
ELAC1,-0.2947131858409301,-0.2334946244734945,-0.06121856136743559,-1.023372820247563,0.3061316052647379,-0.3746938404448708,-0.21564683317489464,-0.31675483395898457,-0.14964012846847097,1.0,1.0,2151.0,2014.0,1.0,1.0,0.6225741716739308
CAST,-0.14320678315747548,-0.07823455741354043,-0.06497222574393505,-1.0228394981629718,0.306383739359827,-0.2390760249686903,-0.06144913601890423,-0.1617712592707934,0.006819103509172697,0.9985,0.9655,2347.0,2602.0,1.0,1.0,0.6225741716739308
EYA1,-0.18459328460031288,-0.12052852149990723,-0.06406476310040565,-1.0199382366450498,0.3077577537979975,-0.2790792291787536,-0.10483387432616592,-0.2025914780107032,-0.031913469730122435,1.0,0.997,2890.0,2226.0,1.0,1.0,0.6225741716739308
CIRBP,-0.1771070730842422,-0.11417338750547809,-0.06293368557876411,-0.9998013224163995,0.3174066657318708,-0.26930342731092805,-0.09601856510218626,-0.2029780763839501,-0.0314210251889373,1.0,0.9945,2052.0,2586.0,1.0,1.0,0.637182243401195
SP110,-0.1687475828035819,-0.10600340355819543,-0.06274417924538647,-0.994408020338408,0.3200242650456496,-0.2542168425319782,-0.07765755465316038,-0.18875879175635513,-0.012715683943881173,1.0,0.9925,2361.0,2024.0,1.0,1.0,0.637182243401195
FERMT1,-0.4035999380720852,-0.3487590628245476,-0.05484087524753761,-0.9934375567430961,0.32049676671631366,-0.4745407118372458,-0.3223934621996016,-0.41941164995341595,-0.2702794277410172,1.0,1.0,2183.0,2248.0,1.0,1.0,0.637182243401195
TUBB4B,-0.13289133600688896,-0.19502843628033226,0.062137100273443296,0.9929005776837396,0.32075840824277846,-0.22033264626422572,-0.042994586009070856,-0.28665773113406856,-0.11090123400631935,0.9955,1.0,2353.0,2388.0,1.0,1.0,0.637182243401195
YIF1A,-0.14917778497323742,-0.08682104888364778,-0.06235673608958964,-0.9832956833166249,0.3254619340400199,-0.23675377053910834,-0.06362837532875143,-0.1712885345540276,0.00853389871777055,1.0,0.9685,2624.0,2408.0,1.0,1.0,0.6397206709974347
KLC2,-0.09611184798001524,-0.15827160234138493,0.062159754361369696,0.9824366690513067,0.32588476869451155,-0.18570934538606676,-0.004381223969777304,-0.2415622137593192,-0.07353877064692643,0.98,0.9985,2432.0,2326.0,1.0,1.0,0.6397206709974347
RPL32,-0.18489930662770013,-0.12340611665151172,-0.06149318997618841,-0.9794585463592698,0.3273534613598228,-0.26530889153814036,-0.09404944435800106,-0.2125672310162296,-0.03915718808670099,1.0,0.998,2592.0,2643.0,1.0,1.0,0.6397206709974347
H2BC9,-0.16190240505822792,-0.10005462110712496,-0.061847783951102964,-0.9784764946351704,0.3278387112141049,-0.24525062046460194,-0.0666731173218924,-0.19207685790183332,-0.014947477409441079,1.0,0.9885,2243.0,2306.0,1.0,1.0,0.6397206709974347
FOXK2,-0.10926206752167145,-0.17072566967444802,0.061463602152776575,0.9748212512461367,0.3296489337628786,-0.2016074571710187,-0.028592891125047648,-0.24824508712250054,-0.08383339151213548,0.994,1.0,2517.0,2589.0,1.0,1.0,0.6404192942265616
ERBB3,-0.1599317169731158,-0.21935613958474123,0.05942442261162542,0.9584840297456246,0.33781874076972107,-0.25252922691254853,-0.07396376905665458,-0.3023222244469523,-0.14150806306974367,1.0,1.0,2323.0,2088.0,1.0,1.0,0.6534125643835395
PPM1D,-0.35093744433419094,-0.2963167327626325,-0.054620711571558456,-0.9487308595320164,0.34275751461612725,-0.4281297975591572,-0.2710742488469242,-0.37287444681482973,-0.2130323669113774,1.0,1.0,2087.0,2092.0,1.0,1.0,0.6572459738880088
GNAI3,-0.16368605741627953,-0.10389194580632868,-0.05979411160995085,-0.9466823286797298,0.34380067779380696,-0.2622637349557422,-0.08192195666037344,-0.19416469227566363,-0.019957610686569927,0.9995,0.989,2236.0,2116.0,1.0,1.0,0.6572459738880088
ZFP28,-0.1326076476683414,-0.19183111777644313,0.05922347010810172,0.945758649785554,0.3442717006080046,-0.2200730872513969,-0.04266472724482201,-0.27060157226282616,-0.09986306297890835,0.9955,1.0,2354.0,2029.0,1.0,1.0,0.6572459738880088
H2BC8,-0.2807282314655528,-0.22413172037217866,-0.05659651109337416,-0.939944700058966,0.3472459271094167,-0.36353082630115136,-0.20020296189220743,-0.3072583525996384,-0.14367335748431942,1.0,1.0,2118.0,2040.0,1.0,1.0,0.6577453520869664
TIPARP,-0.3501485990214377,-0.4019360563682768,0.051787457346839094,0.9379629677149156,0.34826344158039424,-0.4203454305840377,-0.26096252715809043,-0.47298970351583414,-0.3265671288974534,1.0,1.0,2606.0,2299.0,1.0,1.0,0.6577453520869664
CNN3,-0.10248735601376455,-0.042578199897358227,-0.05990915611640632,-0.9364353905816696,0.34904906350990406,-0.19311259477015202,-0.0101378860189128,-0.1281394092174622,0.050763652606074405,0.9855,0.833,2335.0,2635.0,1.0,1.0,0.6577453520869664
NCKAP1L,0.0688287620131326,0.008874056593823787,0.05995470541930881,0.9336213971969899,0.3504992239012179,-0.021210946196825287,0.15802867797547582,-0.08391224365857863,0.09356920633714783,0.068,0.4215,2313.0,2139.0,1.0,1.0,0.6577453520869664
VPS26B,-0.18815535982878395,-0.24461775593987667,0.056462396111092716,0.9210667005708575,0.357015604271799,-0.27520853039757354,-0.09963532023875515,-0.3195545345419632,-0.15366199181685808,1.0,1.0,2088.0,2137.0,1.0,1.0,0.6659158353814548
E2F2,-0.18695689820662456,-0.24323873435367588,0.05628183614705132,0.9175831756243833,0.35883712933122125,-0.2757064426125433,-0.09596915415841295,-0.324815434559759,-0.15406041476220667,1.0,1.0,2423.0,2271.0,1.0,1.0,0.6659158353814548
NSD1,-0.11397610103765501,-0.17155878888388798,0.057582687846232966,0.9139628233950583,0.36073638069210834,-0.21480047787360945,-0.02990547389800252,-0.25406786514272145,-0.07920070835496285,0.989,1.0,2832.0,2208.0,1.0,1.0,0.6659158353814548
TSPAN4,-0.21947839322358947,-0.16286510810965882,-0.056613285113930656,-0.913664501214154,0.3608931624856411,-0.3034674642272303,-0.13924498107643957,-0.24550415806710874,-0.07618559429425847,1.0,0.999,2449.0,2578.0,1.0,1.0,0.6659158353814548
IFNE,-0.23295292555910843,-0.17702368467244478,-0.05592924088666365,-0.9077827254517077,0.36399302688458246,-0.3165543452882517,-0.1445049226605763,-0.26283343156973155,-0.0908338062990186,1.0,1.0,2099.0,2292.0,1.0,1.0,0.667142186515021
KRT19,-0.1425520965854652,-0.19891608809356734,0.056363991508102146,0.9026985336124476,0.3666859149306494,-0.23519470201291304,-0.055942956066920735,-0.2740141870875937,-0.104818214100042,1.0,1.0,2464.0,2345.0,1.0,1.0,0.667142186515021
SLC27A5,-0.13152733506437,-0.07418251161740019,-0.05734482344696981,-0.9011539612971542,0.3675064654526786,-0.21631760851611204,-0.03903407573271722,-0.1602838832781352,0.014471549855959553,0.9975,0.949,2612.0,2526.0,1.0,1.0,0.667142186515021
BCL3,-0.2099528907902834,-0.15395171446820521,-0.05600117632207818,-0.9005595975043429,0.36782252440488095,-0.2919923127119897,-0.11977249735103324,-0.2414145690659084,-0.07197722660672445,1.0,1.0,1846.0,2649.0,1.0,1.0,0.667142186515021
IRS2,-0.35424734060948493,-0.4037086162427119,0.049461275633227,0.8981196689689107,0.36912175399017033,-0.4301614631295841,-0.27553377012659735,-0.472114714497522,-0.32330397794548715,1.0,1.0,1736.0,1916.0,1.0,1.0,0.667142186515021
MBNL1,-0.13347194385785668,-0.18921524613123292,0.05574330227337623,0.8898895765753787,0.37352518137613444,-0.22014053662584177,-0.04334249973668575,-0.26824716354299966,-0.09600715635355478,0.997,1.0,2626.0,2392.0,1.0,1.0,0.6723453264770419
B2M,-0.2369386981420317,-0.1827972815411621,-0.0541414166008696,-0.8806104235570785,0.3785287148768308,-0.32276062724194426,-0.1451632529632469,-0.2662544192417584,-0.09272254033402888,1.0,1.0,2270.0,2294.0,1.0,1.0,0.6785819644743187
UBE2J2,-0.12291470657200723,-0.17744617940133653,0.0545314728293293,0.8674315298158791,0.3857056124432696,-0.21483490792146887,-0.03352770772362662,-0.25977633663846067,-0.09159059798798053,0.998,1.0,2026.0,2439.0,1.0,1.0,0.687561996143426
ZNF608,-0.2409389371238673,-0.18782051377477285,-0.053118423349094446,-0.8656973033366266,0.38665617923711937,-0.3233196554534177,-0.15784931947540493,-0.2695264701907767,-0.10294144461999766,1.0,1.0,1854.0,2587.0,1.0,1.0,0.687561996143426
CDC37L1,-0.12283331059887254,-0.17697190851994332,0.054138597921070786,0.8611051015323883,0.3891801597160822,-0.20737373771175,-0.02755580989401829,-0.26279700458509936,-0.09078115611636678,0.998,1.0,2752.0,2292.0,1.0,1.0,0.6892708852802902
PSD3,-0.14494795900916685,-0.1980735582984072,0.05312559928924035,0.8510382778185561,0.3947480899142589,-0.23430593153503243,-0.056127277497200145,-0.28824367129148337,-0.11350189003505079,1.0,1.0,2585.0,2159.0,1.0,1.0,0.6963356306087527
BCL11B,-0.3549126461764869,-0.30682303175689996,-0.048089614419586924,-0.8396631598159928,0.4010972753603719,-0.43447307073775243,-0.2829811047955442,-0.3922096235440123,-0.23001998069748164,1.0,1.0,1743.0,2092.0,1.0,1.0,0.703681235428559
ELMO1,-0.12812033732190609,-0.0748689864280605,-0.053251350893845584,-0.8365578574023929,0.4028411422918219,-0.22131449829433025,-0.04812568655613442,-0.16183878562531934,0.010859219046159163,0.9975,0.9545,2402.0,2518.0,1.0,1.0,0.703681235428559
SNAI2,-0.45108408142405365,-0.4927188617821048,0.04163478035805113,0.8329065202178935,0.404897452093138,-0.5253088999413187,-0.3807813170145349,-0.5602664740775154,-0.4280070770277058,1.0,1.0,1520.0,2168.0,1.0,1.0,0.703681235428559
TEAD1,-0.17587981198390978,-0.22715206756706877,0.05127225558315898,0.8309272524846396,0.4060147270974471,-0.2600989720849162,-0.08934701398037154,-0.3097118797553549,-0.14669849154396358,1.0,1.0,2123.0,2450.0,1.0,1.0,0.703681235428559
JUN,-0.2911729351764334,-0.24161664969717236,-0.049556285479261025,-0.8293780637815679,0.4068905102818198,-0.3719287280773104,-0.20640913017615903,-0.32232412022761125,-0.15347564634416488,1.0,1.0,2150.0,2460.0,1.0,1.0,0.703681235428559
IGFBPL1,-0.07497156290292772,-0.1270221650499986,0.052050602147070885,0.8176021224839011,0.41358441519512534,-0.16212599996643307,0.012872986024033972,-0.2132868868704621,-0.045908524858087274,0.952,0.9975,2341.0,2712.0,1.0,1.0,0.7060821048657854
WDR47,-0.15506117913373924,-0.10360214585679872,-0.05145903327694051,-0.8136766666331504,0.41583020464239484,-0.2451932417664024,-0.07264858471594188,-0.18572335842041743,-0.016882396039719028,1.0,0.9915,2674.0,2587.0,1.0,1.0,0.7060821048657854
UGCG,-0.15153276244722344,-0.10026243520432629,-0.05127032724289715,-0.8099685808396918,0.4179582337518676,-0.2452642245420918,-0.06643683882175905,-0.18763261199593456,-0.010609844636475019,0.999,0.9875,2388.0,2429.0,1.0,1.0,0.7060821048657854
PHF23,-0.2006690142015745,-0.24993708367331183,0.049268069471737314,0.80698030141877,0.41967783225430866,-0.2855719831608319,-0.10901969604685258,-0.3289994372116531,-0.16753303905427708,1.0,1.0,2477.0,2127.0,1.0,1.0,0.7060821048657854
PDXDC1,-0.20804470294314956,-0.15792387924124782,-0.05012082370190174,-0.80626223247444,0.42009166226730743,-0.3036873660862564,-0.12834061730467927,-0.2372584306812477,-0.06594635649654057,1.0,0.9995,2102.0,2309.0,1.0,1.0,0.7060821048657854
DOCK10,-0.29860400827224653,-0.2508333069926063,-0.047770701279640226,-0.8033775364082524,0.42175655475061014,-0.3825988733415262,-0.21181796652348917,-0.33157871969791053,-0.16602691396211244,1.0,1.0,1993.0,2278.0,1.0,1.0,0.7060821048657854
H3C3,-0.29176296842875155,-0.33826934212876625,0.0465063737000147,0.8027617588406737,0.4221124491368632,-0.3733859781281157,-0.20827268577222013,-0.40795388814674216,-0.2583786662349015,1.0,1.0,1894.0,2105.0,1.0,1.0,0.7060821048657854
EHF,-0.2114040519745075,-0.16159314169113895,-0.049810910283368565,-0.8023535605560106,0.42234846813313975,-0.3030583448443313,-0.13232288213336285,-0.24283084163089774,-0.07829141606891143,1.0,1.0,2287.0,2508.0,1.0,1.0,0.7060821048657854
ZNF862,-0.19226108328938363,-0.14228914868043221,-0.04997193460895141,-0.799310421084748,0.4241104377318945,-0.288698539800057,-0.10666534386113952,-0.22952227694638472,-0.05869604407625428,0.9995,0.998,2447.0,2452.0,1.0,1.0,0.7060821048657854
NUMB,-0.21146318935071906,-0.16186345478493752,-0.04959973456578154,-0.7990012275460722,0.4242897002027962,-0.303122964003679,-0.13237758021340046,-0.2442558300129321,-0.07983225778807462,1.0,0.9995,2287.0,2458.0,1.0,1.0,0.7060821048657854
BCAR1,-0.145391531259641,-0.19499109362822434,0.049599562368583344,0.7941563736485112,0.4271044024623053,-0.2303228737493775,-0.04911683973168929,-0.27904221014968233,-0.1087792731745329,1.0,1.0,2227.0,2380.0,1.0,1.0,0.7080941409243483
PSMB7,-0.032990297779760425,-0.08300263586365786,0.050012338083897434,0.7801764758789602,0.4352870068433401,-0.12848157891085465,0.056493548772912794,-0.16310338666693097,0.014616640595043862,0.7595,0.9605,2539.0,2701.0,1.0,1.0,0.7117503828699974
YAP1,-0.26809593101542517,-0.3138732861165332,0.04577735510110803,0.7775850374804286,0.43681368465326653,-0.35041361015008565,-0.17971543752338226,-0.4008696241573145,-0.24301338639529518,1.0,1.0,2230.0,2434.0,1.0,1.0,0.7117503828699974
KDM4C,-0.10932930575352745,-0.15835147594535268,0.049022170191825226,0.7760649944673126,0.4377106111973039,-0.19418571387486705,-0.014670996882614418,-0.2389922100141002,-0.06611649620420845,0.992,1.0,2476.0,2463.0,1.0,1.0,0.7117503828699974
SAMD4A,-0.14545151194537506,-0.09634054198740391,-0.04911096995797115,-0.7748670055317667,0.4384182504316375,-0.23151268369873534,-0.05360279106960458,-0.18405159287542672,-0.00553809937004246,0.9995,0.98,1969.0,2384.0,1.0,1.0,0.7117503828699974
IRX5,-0.18982724042207005,-0.23726888806285998,0.047441647640789925,0.7728454506853225,0.4396138511944525,-0.2770526932531425,-0.10257015477854514,-0.3147230153095309,-0.15249642518204048,1.0,1.0,2402.0,2583.0,1.0,1.0,0.7117503828699974
AREG,-0.11793774461824999,-0.16657366456453637,0.04863591994628638,0.7717754289889763,0.4402474469392551,-0.20156899898196734,-0.018691165240787733,-0.24948792254528257,-0.0818840085080112,0.994,1.0,2333.0,2516.0,1.0,1.0,0.7117503828699974
BTG3,-0.16197845367946018,-0.20986488918515364,0.047886435505693464,0.7711679647155651,0.4406073798719031,-0.24484945792642293,-0.07515432804510253,-0.29815321548988427,-0.13197924089010232,1.0,1.0,1839.0,1937.0,1.0,1.0,0.7117503828699974
DSEL,-0.1156737568527848,-0.16377021661636393,0.048096459763579125,0.7626546764120715,0.4456693673551465,-0.20359459204743446,-0.02370589734263856,-0.246871848863502,-0.07732349173444669,0.9945,1.0,2281.0,2165.0,1.0,1.0,0.717299967166495
RPL4,-0.16146188988864332,-0.11429557728824943,-0.04716631260039389,-0.7475089705325387,0.45475638997742684,-0.2531208351629677,-0.07444502787617124,-0.20592030567412212,-0.030106971170596297,1.0,0.9955,2279.0,2625.0,1.0,1.0,0.7284525087821264
CDC25B,-0.22766953162843162,-0.18172126431360724,-0.045948267314824376,-0.7456113073028792,0.455902250394256,-0.31548926228365937,-0.14980337759463364,-0.259407183691116,-0.08990076769520444,1.0,1.0,2213.0,2632.0,1.0,1.0,0.7284525087821264
TGIF1,-0.27370885063720685,-0.3161929164960848,0.04248406585887793,0.723456824984448,0.469399270408255,-0.3512027749790994,-0.183643485955927,-0.3907329643058733,-0.23675063167462357,1.0,1.0,2610.0,2158.0,1.0,1.0,0.7473107518052002
RIC3,-0.13910650710479466,-0.1830227850326459,0.043916277927851244,0.7009391258061464,0.4833410058125275,-0.2217449005222225,-0.044842072275455946,-0.2648318070048709,-0.09430102193023027,0.999,1.0,2314.0,2695.0,1.0,1.0,0.7619279780542603
YAE1,-0.14329738765657532,-0.09887592148883984,-0.044421466167735485,-0.700881859045282,0.4833767465539306,-0.23847419451514718,-0.05736553935045907,-0.19622209105744948,-0.01679916054303021,0.999,0.985,2900.0,2440.0,1.0,1.0,0.7619279780542603
ESRP1,-0.2011892863862491,-0.15759662985791925,-0.04359265652832986,-0.7002618443289985,0.4837637955900065,-0.2850120769886155,-0.11322704112986126,-0.23930763837004432,-0.06963213272137736,1.0,0.9995,2328.0,2287.0,1.0,1.0,0.7619279780542603
NBEA,-0.12813136931377264,-0.17174940439390662,0.04361803508013398,0.6937111698620738,0.48786335968113537,-0.2213267766640139,-0.04813738335731005,-0.24997606398171485,-0.07719887345863846,0.9975,1.0,2402.0,2466.0,1.0,1.0,0.7656503260476182
PBX2,-0.14379571308124056,-0.18660932306279857,0.042813609981558004,0.6842826660835873,0.4937966904898907,-0.22875566179576273,-0.049817945194293556,-0.274664724920695,-0.10099047632383629,0.9985,1.0,2015.0,2050.0,1.0,1.0,0.7702386672942131
UQCRC2,-0.08726472691259018,-0.13069095279907514,0.043426225886484954,0.6832403144247909,0.49445500209636606,-0.1687466143979086,0.012405145231924708,-0.21061291775648355,-0.042566919227805755,0.9605,0.999,2460.0,2639.0,1.0,1.0,0.7702386672942131
HMBS,-0.17964166440780824,-0.13706236808790126,-0.04257929631990698,-0.678987907918973,0.4971455237189827,-0.26142687251825625,-0.08608210310374925,-0.21930806485429244,-0.04668085591447513,1.0,0.9995,2411.0,2182.0,1.0,1.0,0.7702386672942131
ZNFX1,-0.20198853271702705,-0.15994048462554777,-0.04204804809147927,-0.6758366924643678,0.49914433560742266,-0.28732918730692325,-0.11402623958169128,-0.24586219920078284,-0.0762699633155513,1.0,0.9995,2062.0,2489.0,1.0,1.0,0.7702386672942131
REPIN1,-0.17638169498756567,-0.2181252617730502,0.04174356678548452,0.6752454086173065,0.49951986132912685,-0.2590368078567566,-0.08995243984896728,-0.298764646726081,-0.1383112684344882,1.0,1.0,2524.0,2315.0,1.0,1.0,0.7702386672942131
JAM3,-0.21816305187345242,-0.1768021864369348,-0.041360865436517624,-0.6691156947148332,0.5034216790206153,-0.30312149470728644,-0.13297611329010856,-0.25917671489787764,-0.09247766528672696,1.0,1.0,2480.0,2311.0,1.0,1.0,0.770565277869191
DLG5,-0.024746579847388095,-0.0675639554331702,0.04281737558578211,0.6670734377929596,0.5047252258856596,-0.11942061490370032,0.05926739954711713,-0.1523566921449384,0.012480961635639165,0.708,0.9465,2637.0,2369.0,1.0,1.0,0.770565277869191
BAMBI,-0.24350838014536014,-0.28336945001138414,0.039861069866024,0.6659268764741427,0.5054578406265933,-0.33121848390134256,-0.164855199005372,-0.36429377151731496,-0.1986400525889635,1.0,1.0,2556.0,2418.0,1.0,1.0,0.770565277869191
IKZF1,0.03778336501363344,-0.004913208493336818,0.04269657350697026,0.6639521593895784,0.5067209310250916,-0.04787437168362102,0.13515919587897263,-0.0861029577889138,0.09134234242554018,0.209,0.5395,2398.0,2623.0,1.0,1.0,0.770565277869191
DCDC2B,-0.08350558313585779,-0.12539438810247067,0.041888804966612875,0.6583994879267364,0.5102814643570524,-0.17548834643222616,0.0057090671031194695,-0.21498786368531064,-0.03887071931689845,0.962,0.9965,2813.0,2344.0,1.0,1.0,0.7733131470153268
CTTN,-0.25370094862355347,-0.29257318099170426,0.038872232368150794,0.6530558642202222,0.5137202644355172,-0.3315252754906118,-0.1672350595651842,-0.3764075575349928,-0.21128745269467902,1.0,1.0,2223.0,2314.0,1.0,1.0,0.7758583445755586
SLC39A7,-0.10539483222417212,-0.06397004512808091,-0.04142478709609121,-0.6486502896681182,0.516564442157184,-0.1917162490792363,-0.009917866050353885,-0.1431536322594788,0.033296630363603974,0.9885,0.9185,2364.0,2019.0,1.0,1.0,0.7774911910966489
MAPKAPK5,-0.13844001797394528,-0.17845295601622155,0.040012938042276264,0.6380704928445299,0.5234277933865134,-0.22131516017738523,-0.042339636211570164,-0.2677956060960219,-0.10127846096919457,0.999,1.0,2634.0,2565.0,1.0,1.0,0.7801023094499151
PRKCA,-0.18620465790605312,-0.14633089688062592,-0.039873761025427196,-0.6375123778950005,0.5237911499519381,-0.2740088666027756,-0.09951937404093686,-0.22925901009531313,-0.05471234780238715,1.0,0.999,2749.0,2071.0,1.0,1.0,0.7801023094499151
DYRK1A,-0.18596907711824653,-0.22519026124712285,0.03922118412887632,0.6366536075356363,0.5243504985062419,-0.2756394341861315,-0.10266378832779344,-0.3086721235371701,-0.14542197547315355,1.0,1.0,2503.0,2173.0,1.0,1.0,0.7801023094499151
SEMA3A,-0.10122671213932874,-0.14112952504916446,0.039902812909835716,0.6295792139668951,0.5289699266929935,-0.1931163515713057,-0.010960440755979128,-0.22897189493211378,-0.055401855339922035,0.983,0.998,2573.0,2614.0,1.0,1.0,0.7801023094499151
TMEM115,-0.13361064946162649,-0.09365079441796231,-0.03995985504366417,-0.6293467427177281,0.5291220761615323,-0.2226792482112223,-0.048717187518020344,-0.1753166890397584,-0.0006421731634818073,0.998,0.979,2182.0,2389.0,1.0,1.0,0.7801023094499151
SRC,-0.2812105800448823,-0.24361587661013845,-0.03759470343474386,-0.6276876332343374,0.5302085882566266,-0.3693184008374437,-0.20416673875133556,-0.32119289119229105,-0.1546478939834292,1.0,1.0,1969.0,2304.0,1.0,1.0,0.7801023094499151
EVA1A,-0.27401448377441395,-0.31083939316081843,0.03682490938640448,0.6260348619710164,0.5312920752080741,-0.3538179354387172,-0.18688122837057253,-0.39542632114358073,-0.23465634572514876,1.0,1.0,2182.0,2439.0,1.0,1.0,0.7801023094499151
RXRA,-0.2822191438582218,-0.3187483412540485,0.03652919739582672,0.6242692381351885,0.5324507826404182,-0.36795872069209784,-0.19997287527814867,-0.3916388335562449,-0.2366964080807541,1.0,1.0,1937.0,2444.0,1.0,1.0,0.7801023094499151
ARL4C,-0.26749571888748985,-0.3041870886882329,0.03669136980074306,0.6211752938171956,0.5344842932182094,-0.3508322798174248,-0.18533916926449662,-0.3810191305662349,-0.2238289867728811,1.0,1.0,2226.0,2312.0,1.0,1.0,0.7804886533418225
IRS1,-0.28238172979990095,-0.3185179132360444,0.03613618343614344,0.6175366829454314,0.5368807932846078,-0.35633870774858534,-0.19121086711835605,-0.40388830715484336,-0.24380967157301342,1.0,1.0,2397.0,2206.0,1.0,1.0,0.7807100235317211
SACS,-0.26584409870033854,-0.22871638140668482,-0.03712771729365372,-0.6147920581427165,0.5386920547932481,-0.3500996054607519,-0.1845378982204608,-0.3064952203745514,-0.14192804971036077,1.0,1.0,2373.0,2132.0,1.0,1.0,0.7807100235317211
RAPH1,-0.13489098371180322,-0.09611439911152098,-0.03877658460028224,-0.610971462223955,0.5412184732037768,-0.23217527196671744,-0.05276041269929538,-0.18668299126176402,-0.01533560453572308,0.997,0.9845,2326.0,2442.0,1.0,1.0,0.7807100235317211
MTPN,-0.12498026549318397,-0.1634164353956002,0.03843616990241622,0.6102183750071569,0.5417171591852759,-0.2170936844118247,-0.04380515022204312,-0.24856229751914638,-0.08022695371536837,0.9985,1.0,2254.0,2246.0,1.0,1.0,0.7807100235317211
IGFBP5,-0.16852102976807223,-0.1307704681939863,-0.037750561574085933,-0.6003125961696687,0.5482979255702097,-0.25064351926799766,-0.07845501744702754,-0.2252389386484674,-0.04922463018568385,1.0,0.999,2405.0,2543.0,1.0,1.0,0.7876201471546009
VDAC1,-0.21305396566257032,-0.1768825414403805,-0.03617142422218983,-0.5845391586328368,0.5588576276491264,-0.2984538585295564,-0.1262185187919425,-0.25926220604668493,-0.09256073582837643,1.0,1.0,2052.0,2311.0,1.0,1.0,0.8001825123157946
ARHGAP45,-0.011124761220542317,0.02610163810966526,-0.03722639933020758,-0.5787432296542685,0.5627624420464952,-0.09807509819542659,0.07890077330942158,-0.06062503531362795,0.11535676176939691,0.594,0.2795,2575.0,2779.0,1.0,1.0,0.8031658153479105
CTTNBP2NL,-0.08349981444574694,-0.1200703754817036,0.036570561035956656,0.574467944073702,0.565651186724262,-0.169807117403995,0.007596452221805938,-0.2126612351794781,-0.03839161226769883,0.963,0.996,2138.0,2507.0,1.0,1.0,0.8046844301464501
SINHCAF,-0.2728060572869726,-0.23859533051508783,-0.034210726771884775,-0.5690454152046652,0.5693253199944102,-0.34957998608930896,-0.18036963219868563,-0.3223300419314865,-0.1593834175567932,1.0,1.0,2228.0,2467.0,1.0,1.0,0.8050355983361961
HCFC1R1,-0.1711932695609445,-0.20612794407849233,0.03493467451754784,0.5631306941686407,0.5733458918621541,-0.25479198125248836,-0.07973185721966813,-0.2898868415762071,-0.1254131101822154,1.0,1.0,2180.0,2197.0,1.0,1.0,0.8050355983361961
BCAR3,-0.2517656183488848,-0.28528022068463066,0.03351460233574588,0.5615039695695976,0.5744540249825039,-0.34334367471448957,-0.17188488296539445,-0.3648770237268156,-0.20152522884684038,1.0,1.0,2201.0,1955.0,1.0,1.0,0.8050355983361961
RBM15,-0.13722506724552977,-0.10191309815559768,-0.03531196908993209,-0.5569094175968875,0.5775893198541155,-0.22926925139495302,-0.04759711648367504,-0.1905335141523936,-0.017485396451588142,0.999,0.991,2688.0,2597.0,1.0,1.0,0.8050355983361961
PTMA,-0.2496327790168274,-0.21576790472620952,-0.03386487429061788,-0.5565974969852566,0.5778024643124526,-0.3328183006278928,-0.16337141304689817,-0.2952397768540853,-0.13317062048599526,1.0,1.0,2412.0,2258.0,1.0,1.0,0.8050355983361961
PSMB5,-0.06657329973767465,-0.03089533777290515,-0.035677961964769495,-0.5559550957610577,0.5782415523986262,-0.15648896341579238,0.0281865607760714,-0.12279749372124438,0.04904916400911086,0.9185,0.7525,2519.0,2504.0,1.0,1.0,0.8050355983361961
THYN1,-0.22449625999737619,-0.19043593193773445,-0.03406032805964174,-0.5533095551382602,0.5800514592414545,-0.31338042695713986,-0.14101977010738342,-0.27120554989324797,-0.10129191806527027,1.0,1.0,2298.0,2634.0,1.0,1.0,0.8050355983361961
GSTO2,-0.23258991866754739,-0.19873512473981358,-0.0338547939277338,-0.55197135815045,0.580967976881049,-0.31304621286514994,-0.13812017509697605,-0.2780059840823799,-0.10664935281139587,1.0,1.0,2262.0,2122.0,1.0,1.0,0.8050355983361961
ACTG1,-0.2503707292863886,-0.21711859944935918,-0.03325212983702941,-0.5468058537365642,0.5845121210398565,-0.3299515149441492,-0.16359323903247902,-0.2978308957190059,-0.1256021298189846,1.0,1.0,2351.0,2861.0,1.0,1.0,0.8050355983361961
TNS4,-0.3035096929019689,-0.2713597433487404,-0.032149949553228474,-0.5448114927439325,0.5858831735105587,-0.38796579192824204,-0.22853075137538464,-0.3496115566896054,-0.19042243868605135,1.0,1.0,2098.0,2309.0,1.0,1.0,0.8050355983361961
ETS2,-0.19562239624312988,-0.16191999273881083,-0.03370240350431905,-0.5412222314484666,0.5883544159266411,-0.2902695536514641,-0.10634496469574417,-0.24562651512371186,-0.07831290238327826,1.0,1.0,2395.0,2546.0,1.0,1.0,0.8050355983361961
PPARG,-0.36269580346735175,-0.3921594454686599,0.029463642001308132,0.5341326807429903,0.5932497406107153,-0.4497711077492088,-0.2882226241570143,-0.4628673192629271,-0.31658333223322904,1.0,1.0,1887.0,2136.0,1.0,1.0,0.8050355983361961
SIK3,-0.10968381998473675,-0.14322521200009972,0.033541392015362964,0.5298907452851148,0.59618768314891,-0.19461733389059205,-0.015063677150949584,-0.22916175362203223,-0.06426075437037643,0.99,0.9995,1998.0,2544.0,1.0,1.0,0.8050355983361961
PHLDB2,-0.1792003298880123,-0.14610027702075504,-0.03310005286725726,-0.5285404566774116,0.5971242750490593,-0.2665422317245738,-0.09444959756713223,-0.23857478808308968,-0.06776673309921849,1.0,0.999,2304.0,2484.0,1.0,1.0,0.8050355983361961
IKZF3,-0.06337540201074388,-0.09704325752482346,0.03366785551407958,0.5267702706467922,0.5983531303726477,-0.1606919900643215,0.022379666518960173,-0.17686799736004355,-0.004251537881056644,0.921,0.9875,2742.0,2475.0,1.0,1.0,0.8050355983361961
CCND1,-0.49373810336311863,-0.5188882617302985,0.02515015836717982,0.5257841989960996,0.5990381543041312,-0.5606023741698549,-0.42305399577181557,-0.5836576308763437,-0.4595333535164379,1.0,1.0,1943.0,1537.0,1.0,1.0,0.8050355983361961
H2BC10,-0.24674409539124362,-0.27822564141800027,0.03148154602675665,0.525616792051481,0.5991544871895648,-0.32712434460921674,-0.1576594223425159,-0.3623126407272413,-0.19791945860788163,1.0,1.0,2312.0,2373.0,1.0,1.0,0.8050355983361961
MYO1C,-0.1736378665297369,-0.14073462497964337,-0.032903241550093526,-0.5244552311311332,0.5999619501627897,-0.2647540875412803,-0.08837216114494972,-0.22646357252273974,-0.051694276880414725,1.0,0.998,1667.0,2057.0,1.0,1.0,0.8050355983361961
E2F3,-0.3692874884537112,-0.33984294568046947,-0.02944454277324171,-0.5235635875650491,0.6005821130444637,-0.44360896467316463,-0.2860781955963598,-0.4138751403201908,-0.26342159277575433,1.0,1.0,2086.0,2163.0,1.0,1.0,0.8050355983361961
RAPGEFL1,-0.33497544880070784,-0.30558374684852124,-0.0293917019521866,-0.5091428575887825,0.6106520930435859,-0.4102285407144967,-0.25518162608294087,-0.38554887027852697,-0.22882521066014455,1.0,1.0,2102.0,2213.0,1.0,1.0,0.8120561934866358
ARID5B,-0.1941493595732832,-0.225454904058054,0.0313055444847708,0.5090674936379285,0.610704915883038,-0.27297732987997514,-0.10343011493249965,-0.312469797788254,-0.14458677680789767,1.0,1.0,2429.0,1950.0,1.0,1.0,0.8120561934866358
TWNK,-0.18742676442500786,-0.21863488024565292,0.03120811582064506,0.5060025710834777,0.61285484474383,-0.2727810718944803,-0.09609994541842953,-0.30144715982087694,-0.13285853762408667,1.0,1.0,2656.0,2504.0,1.0,1.0,0.8120561934866358
RAPGEF2,-0.3285414434498592,-0.3569532549843879,0.028411811534528708,0.500476139001767,0.6167398533030625,-0.4044593240943888,-0.2502516498779255,-0.4374660058802531,-0.2809360372038201,1.0,1.0,1837.0,2152.0,1.0,1.0,0.8120561934866358
H1-0,-0.17735258683705582,-0.1461546971772645,-0.03119788965979131,-0.49801213578092185,0.618475488503063,-0.26522071907208766,-0.08964558235344328,-0.23862749379837261,-0.06782312624132553,1.0,0.999,2438.0,2484.0,1.0,1.0,0.8120561934866358
SKA2,-0.21815422663863746,-0.24818170759702315,0.0300274809583857,0.4936273689434976,0.6215693682393943,-0.30411158342485795,-0.13012555952167043,-0.3274510076580133,-0.16626736016732352,1.0,1.0,2230.0,2396.0,1.0,1.0,0.8120561934866358
JUNB,-0.21299362845359393,-0.1825395454089609,-0.03045408304463304,-0.49268980329147644,0.6222317835444888,-0.28852659656810914,-0.11930629835887613,-0.26660242169505266,-0.09113749779027763,1.0,1.0,2376.0,2339.0,1.0,1.0,0.8120561934866358
STK11,-0.0893227649339724,-0.12052299682771261,0.031200231893740216,0.4904141294991078,0.623840880294785,-0.1824399408394901,-0.002717958475746185,-0.2025870900387854,-0.03190797762593384,0.9745,0.997,2470.0,2226.0,1.0,1.0,0.8120561934866358
TFDP1,-0.26077349539934,-0.23116186635727848,-0.02961162904206155,-0.4899687803598837,0.6241559907935055,-0.344103640032602,-0.17389949660919696,-0.3089373162628796,-0.14533163332298904,1.0,1.0,1742.0,2289.0,1.0,1.0,0.8120561934866358
NCKAP1,0.06540176299703859,0.033967656805746205,0.03143410619129239,0.4898590068189513,0.6242336725441486,-0.02364567735231926,0.1556646150157759,-0.06232562741709402,0.11443111617033175,0.075,0.2155,2581.0,2740.0,1.0,1.0,0.8120561934866358
MYO10,-0.0998432512361683,-0.13060347662072375,0.030760225384555445,0.48460840973300623,0.6279541470999283,-0.19044800388587863,-0.01516763668374832,-0.21119981634179297,-0.044532028369274335,0.983,0.998,2468.0,2538.0,1.0,1.0,0.8125464995036721
CLK3,-0.15688574051343543,-0.12663419934294745,-0.030251541170487978,-0.4799111760186581,0.6312905540081597,-0.2441877064609797,-0.07216697241054071,-0.20663945514739096,-0.03745114277489492,1.0,0.9975,2569.0,2271.0,1.0,1.0,0.8125464995036721
RRAS2,-0.19372398412591996,-0.1638810262533288,-0.02984295787259117,-0.4792380160285003,0.6317693122542065,-0.28154734802494485,-0.10669098714683539,-0.2477467253370682,-0.07787683655186539,1.0,1.0,2666.0,2113.0,1.0,1.0,0.8125464995036721
H3C8,-0.14302264327900538,-0.17306260413294325,0.03003996085393787,0.47894098802602536,0.6319806107250783,-0.22933823056038832,-0.056152490236671015,-0.2595475934993306,-0.09028425365572396,0.9995,1.0,2154.0,2541.0,1.0,1.0,0.8125464995036721
ATP5F1B,-0.18054703023112828,-0.20989206653300183,0.029345036301873545,0.4742501167527451,0.6353215587825263,-0.2753666396937855,-0.09433506322191038,-0.29221511196895117,-0.12759982619680527,1.0,1.0,2283.0,2061.0,1.0,1.0,0.8144674634392269
F3,-0.21254854222844455,-0.18349811833416185,-0.029050423894282695,-0.4700270036629152,0.6383357249030084,-0.2979818654430575,-0.1256053638424413,-0.2675077756515574,-0.09854037464776061,1.0,1.0,2076.0,2597.0,1.0,1.0,0.8146389300104844
TAS2R43,-0.14292084651437345,-0.11325274097890081,-0.02966810553547264,-0.46888782662578715,0.6391498181034639,-0.23600354634659304,-0.05851514553469933,-0.20480646606020758,-0.028769681900389033,0.999,0.9945,2433.0,2499.0,1.0,1.0,0.8146389300104844
LYRM4,-0.15984545028325114,-0.18863886540073194,0.028793415117480792,0.4616129552743667,0.6443589024215446,-0.24901665238104703,-0.06775049600931093,-0.2738839298175538,-0.10409459677574917,1.0,1.0,2273.0,2371.0,1.0,1.0,0.8189114581207527
ACTR3,-0.11465099233931883,-0.14349048006534182,0.02883948772602299,0.4559073117949821,0.6484566314119625,-0.21156130091794045,-0.02928318651221934,-0.22228536141111993,-0.051839775943856026,0.992,1.0,2618.0,2072.0,1.0,1.0,0.8190994953824514
FNDC3B,-0.13942070271003715,-0.16794625962709603,0.02852555691705888,0.45415916765678105,0.6497142697842192,-0.2218429023128597,-0.04493410390204011,-0.24553852782953772,-0.07976686495930713,0.999,1.0,2330.0,2926.0,1.0,1.0,0.8190994953824514
RAB1B,-0.14654089695821385,-0.17495615114029062,0.02841525418207677,0.45343478789612246,0.6502356911965437,-0.23653896859616852,-0.05479714614419229,-0.25374993147827146,-0.08402100639864263,0.999,1.0,2463.0,2695.0,1.0,1.0,0.8190994953824514
INA,-0.17229166238292626,-0.2002187977460406,0.027927135363114336,0.44973206123573795,0.652903650518802,-0.2639426394317528,-0.08826893095737454,-0.2868859544232532,-0.11562992605954875,1.0,1.0,2355.0,2316.0,1.0,1.0,0.8190994953824514
TEAD4,-0.20505900130423327,-0.17726189856230667,-0.027797102741926594,-0.4484981770156653,0.6537937015297571,-0.2915722872153576,-0.1182909249287385,-0.25959201906531343,-0.09141687552198574,1.0,1.0,2275.0,2439.0,1.0,1.0,0.8190994953824514
RPL14,-0.10494549719261104,-0.13285390843785252,0.027908411245241488,0.4400572751229743,0.6598956252040618,-0.19815325779219467,-0.017964576949824396,-0.21279597224164615,-0.041448276996608024,0.991,0.997,2755.0,2481.0,1.0,1.0,0.8239919820507954
IRF2,-0.08362659411964804,-0.05559114553745964,-0.0280354485821884,-0.4379317752519147,0.6614357406938357,-0.17493099566174225,0.005911158140581296,-0.13924985051356376,0.03427172946360302,0.9625,0.8935,2756.0,2698.0,1.0,1.0,0.8239919820507954
SMAD4,-0.2137198890795282,-0.187003313157754,-0.026716575921774205,-0.4326800210823384,0.6652472461797803,-0.2930122956540871,-0.12643769831879398,-0.2713844623130593,-0.1038991282736823,1.0,1.0,2291.0,2413.0,1.0,1.0,0.8264057339867129
TFAP2A,-0.38865281605473334,-0.36507512968111167,-0.023577686373621676,-0.4271954645998,0.6692369644710467,-0.47026025176997216,-0.31271465348263877,-0.44100673813181274,-0.2887262413400393,1.0,1.0,2147.0,2260.0,1.0,1.0,0.8290266891340776
ARF4,-0.1814907519949134,-0.15511854933819966,-0.02637220265671375,-0.42190562510498103,0.6730939040475508,-0.27688273994470153,-0.09818731893008742,-0.23764725203976328,-0.0658115323756272,1.0,0.9985,2141.0,2523.0,1.0,1.0,0.8291618419060901
IGFBP3,-0.1428715921412115,-0.11618697748938175,-0.026684614651829752,-0.4218884531886579,0.6731064385541503,-0.2322466599356155,-0.05835747991878648,-0.20526804923668185,-0.03615720298091635,1.0,0.9945,2384.0,2590.0,1.0,1.0,0.8291618419060901
SQLE,-0.1771427642464876,-0.20226898429336607,0.025126220046878478,0.4051655089108084,0.6853558561287268,-0.26248506496683954,-0.08987777238579286,-0.2855214507821171,-0.11594939432558699,1.0,1.0,2547.0,2269.0,1.0,1.0,0.8418995335731715
PPM1J,-0.09868529193354303,-0.07350212224533198,-0.02518316968821105,-0.39438973652428555,0.6932933201004133,-0.18005444899882933,0.00031682547435929465,-0.16169534617871384,0.008537419809738545,0.9825,0.95,2440.0,2368.0,1.0,1.0,0.8492843171230063
NDUFS7,-0.09476419674352332,-0.11960852941177458,0.024844332668251257,0.39068775988079724,0.6960280474317535,-0.18436534649499858,-0.0026221206292189603,-0.20265369131650668,-0.02861138049819134,0.976,0.9965,2720.0,2185.0,1.0,1.0,0.8502724900759094
SDC2,-0.2049998619581089,-0.2285825813788763,0.023582719420767395,0.384667876489411,0.7004834980643742,-0.2932846599842955,-0.11632425860161572,-0.3063705303778393,-0.1417914020817253,1.0,1.0,2520.0,2132.0,1.0,1.0,0.8517555823269177
DENND4C,-0.20827294263230453,-0.18480031171234038,-0.023472630919964155,-0.3795370062291466,0.7042891292429732,-0.30387399732622095,-0.12854767175346987,-0.2602979365817873,-0.09734843456909864,1.0,1.0,2097.0,2083.0,1.0,1.0,0.8517555823269177
FRS2,-0.1547905083508014,-0.1308999731911354,-0.02389053515966602,-0.3791075385181958,0.7046080084940913,-0.24019362172619468,-0.06338084965147273,-0.22536478472605465,-0.04934995196447289,0.999,0.999,2750.0,2542.0,1.0,1.0,0.8517555823269177
GABARAP,-0.21528749089484553,-0.2383910773047322,0.02310358640988666,0.378623091377118,0.7049677722206915,-0.29389851446134174,-0.12915618133383844,-0.3184186849385688,-0.15297348861621923,1.0,1.0,2255.0,2351.0,1.0,1.0,0.8517555823269177
VCL,-0.20804174909948556,-0.2309475108370893,0.022905761737603753,0.3740875923941543,0.7083391494922464,-0.29344692240763154,-0.12417479022916306,-0.3149518213026017,-0.1521775252684594,1.0,1.0,2242.0,2289.0,1.0,1.0,0.8534906145521329
ELMO3,-0.2821378466756107,-0.30397861661884407,0.021840769943233362,0.3714091225675421,0.7103328319145447,-0.3640323148886575,-0.2000395629517664,-0.3807304135300926,-0.22721166309609764,1.0,1.0,2037.0,2298.0,1.0,1.0,0.8535607053796027
ACTR1A,-0.22275178135292004,-0.24460962356210003,0.021857842209179995,0.35939963507735323,0.7192961476816594,-0.3118472734213484,-0.13911642640568012,-0.32265838250887424,-0.16002525552153557,1.0,1.0,2347.0,2235.0,1.0,1.0,0.85795438397309
ZFP36L1,-0.34283448826042684,-0.3225070163421552,-0.020327471918271667,-0.355308742425889,0.7223583067021326,-0.42720255060511786,-0.26630194930113577,-0.402673071302841,-0.24702053174029626,1.0,1.0,2238.0,2106.0,1.0,1.0,0.85795438397309
MFSD14B,-0.23885771257189184,-0.2171994518881634,-0.021658260683728447,-0.35513713009637615,0.7224868614688715,-0.3282794696942901,-0.1554496572042297,-0.3011609142347673,-0.13185442846177914,1.0,1.0,2208.0,2289.0,1.0,1.0,0.85795438397309
RAC2,-0.09944373760507677,-0.12176315640406568,0.02231941879898891,0.35124321329316915,0.725405893272042,-0.19605426047448038,-0.011348751982078076,-0.20687913822968618,-0.03241136069411432,0.982,0.997,2450.0,2365.0,1.0,1.0,0.85795438397309
CCNE1,-0.4622573058314001,-0.4445141806812585,-0.017743125150141648,-0.34718249169727944,0.7284542233544256,-0.5314853442877654,-0.3919642696825641,-0.517222768277888,-0.3690905478064121,1.0,1.0,1985.0,1908.0,1.0,1.0,0.85795438397309
CRK,-0.16198453768716128,-0.14023266783528351,-0.02175186985187777,-0.3460251684383435,0.729323800081783,-0.24485508651565274,-0.07516051942987456,-0.2196177579902303,-0.049719518125822704,1.0,1.0,1839.0,2597.0,1.0,1.0,0.85795438397309
TNS3,-0.26770433174350394,-0.24692706282678092,-0.02077726891672302,-0.34587702801382,0.7294351333593754,-0.3437748376257855,-0.18128497830372708,-0.33441157792836945,-0.1661721682011073,1.0,1.0,1879.0,2154.0,1.0,1.0,0.85795438397309
VASP,-0.18490855683337956,-0.20629266349071543,0.021384106657335866,0.3456316945708874,0.7296195235074499,-0.26531916490881186,-0.09405860820912948,-0.2900335730892017,-0.12558552487367347,1.0,1.0,2592.0,2197.0,1.0,1.0,0.85795438397309
GLIS3,-0.226198311502554,-0.2469945052101949,0.02079619370764088,0.3424384719528351,0.7320209401608955,-0.3139966606783378,-0.13331380162466022,-0.328562675281741,-0.1611622953730522,1.0,1.0,2098.0,2544.0,1.0,1.0,0.85795438397309
NTMT1,-0.10214955677895127,-0.1237264700034931,0.021576913224541833,0.33973687022377586,0.7340546930681269,-0.18888602424646672,-0.010247021626527575,-0.21062013131421026,-0.03908220675541707,0.9855,0.9995,2383.0,2720.0,1.0,1.0,0.85795438397309
ZFP36L2,-0.11576873864000237,-0.1371627155698011,0.021393976929798747,0.33796512133087003,0.7353894719769343,-0.20367894320025265,-0.023799606421011477,-0.22156704854281667,-0.049624495797110646,0.9945,1.0,2281.0,2463.0,1.0,1.0,0.85795438397309
ING5,-0.15782934450370395,-0.17850231241511821,0.020672967911414264,0.3307041983705832,0.740867930741604,-0.24547914435474721,-0.07300862609777997,-0.26784483096781897,-0.10132812228285898,1.0,1.0,2681.0,2565.0,1.0,1.0,0.8620653231056659
ACSL4,-0.24157288134368185,-0.2607731811195033,0.019200299775821467,0.3185573255515313,0.7500622179648098,-0.32162250633475903,-0.1522658677320412,-0.34504189824283277,-0.17593094302189516,1.0,1.0,2335.0,2235.0,1.0,1.0,0.8677862210517738
SMAD6,-0.19275352510137597,-0.17303107903673687,-0.019722446064639104,-0.31718541786063603,0.7511029139634009,-0.2784878749791741,-0.10798999954169813,-0.2580704399083586,-0.08364142936113778,1.0,1.0,2637.0,2472.0,1.0,1.0,0.8677862210517738
BTBD3,-0.1519975275015412,-0.13221577619247601,-0.019781751309065176,-0.31383457265310377,0.7536466848021284,-0.23251777078068342,-0.059548995858147435,-0.21033999583496232,-0.0400154887874733,0.999,0.997,2441.0,2143.0,1.0,1.0,0.8677862210517738
SMG8,-0.15847358164895597,-0.17802707572321874,0.019553494074262767,0.31280384787207083,0.7544296918118523,-0.24708312396424675,-0.07415974028268857,-0.26170571069990206,-0.09409349892010743,1.0,1.0,2368.0,2564.0,1.0,1.0,0.8677862210517738
RPL26,-0.12316099573372885,-0.1428289784424007,0.019667982708671844,0.3112331597326683,0.7556233761539255,-0.21401705535733373,-0.038687756465394685,-0.23208574760492984,-0.05947892894464024,0.998,0.9995,2621.0,2465.0,1.0,1.0,0.8677862210517738
CENATAC,-0.17682283660148682,-0.15797205668009995,-0.018850779921386868,-0.30147268254124765,0.763054077782384,-0.272081701125485,-0.09384238543367879,-0.2412805687153754,-0.07326252133828226,1.0,0.9985,2646.0,2327.0,1.0,1.0,0.8734631691977426
FDFT1,-0.24158342446273726,-0.2596430158886023,0.018059591425865024,0.2995402664900662,0.7645278533114028,-0.3263816509206472,-0.1604491886031132,-0.3340183972311861,-0.1727164499023584,1.0,1.0,1999.0,2225.0,1.0,1.0,0.8734631691977426
LARP6,-0.09960508600724868,-0.08067268579008094,-0.018932400217167744,-0.29670345941565374,0.7666929156814923,-0.1962145181074027,-0.011509395168546599,-0.17495672389692457,0.007281318714990936,0.9825,0.961,2450.0,2860.0,1.0,1.0,0.8736733225207703
ANAPC10,-0.17610393954628598,-0.19399561033926224,0.017891670792976266,0.2879766545671315,0.7733646089896768,-0.255068752525057,-0.08480570562716694,-0.27533287841260184,-0.1088962075107362,1.0,1.0,2380.0,2729.0,1.01,1.0,0.8790046200114626
TNFAIP3,-0.29476344480621974,-0.31080384092270497,0.016040396116485223,0.27450482181782293,0.7836966986150448,-0.37916508202305016,-0.20935261314531028,-0.3918585808119168,-0.2318133478917686,1.0,1.0,2370.0,2349.0,1.0,1.0,0.8863289344742935
PARD3,-0.29461522642237664,-0.3105945575253495,0.015979331102972838,0.27342714693545245,0.784524887321637,-0.37199339956597427,-0.21033771179493094,-0.38854088876109577,-0.22718154693506154,1.0,1.0,2378.0,1787.0,1.0,1.0,0.8863289344742935
UQCR11,-0.17485413245698914,-0.15787570430020947,-0.016978428156779662,-0.27143094811751983,0.7860596019928077,-0.2666633882035802,-0.08913673719429971,-0.23721395597227324,-0.06590611992991541,1.0,0.9995,2616.0,2309.0,1.0,1.0,0.8863289344742935
ERBB2,-0.49100705807992384,-0.5038707359295483,0.0128636778496245,0.265708813687223,0.790463474983677,-0.5572451007758519,-0.41984016160992965,-0.5692523144570942,-0.43864486875976155,1.0,1.0,2028.0,1932.0,1.0,1.0,0.8863289344742935
CITED2,-0.22725414423965154,-0.24333890220088975,0.016084757961238205,0.2646810473757202,0.7912551789385476,-0.30930447309007286,-0.14781769289736957,-0.320100952424619,-0.1542913476151458,1.0,1.0,2197.0,2350.0,1.0,1.0,0.8863289344742935
ZNF814,-0.18988994555860347,-0.2062004663822389,0.016310520823635433,0.2638862461279774,0.7918675741108201,-0.27091273533051835,-0.09449171409519641,-0.28368322818519415,-0.11800986480984627,1.0,1.0,1847.0,2470.0,1.0,1.0,0.8863289344742935
EZR,-0.2633493204304339,-0.2781575038490138,0.014808183418579868,0.24839207231151972,0.8038310668001631,-0.3486660508509632,-0.18250061692427305,-0.35404951912490373,-0.19687180339867544,1.0,1.0,2303.0,2492.0,1.0,1.0,0.8974417733135999
SGK1,-0.20885112385587445,-0.22358484381707638,0.01473371996120193,0.2402569261994562,0.8101310850198102,-0.3023678653119188,-0.12987898431347494,-0.30278610519110266,-0.13500732787390118,1.0,1.0,2424.0,2479.0,1.0,1.0,0.9003506790690579
BEND3,-0.11382623145319548,-0.12902290126705626,0.01519666981386078,0.2397555443386267,0.8105197723138684,-0.20799286573014314,-0.03370454878428486,-0.22036297854141124,-0.04659730455894606,0.995,0.9975,3073.0,2572.0,1.0,1.0,0.9003506790690579
MED13L,-0.12929696778437805,-0.1143458785926669,-0.014951089191711148,-0.2359040154576185,0.8135071522972993,-0.21805111369564584,-0.041704161360726744,-0.19739284469558843,-0.024938221314500686,0.998,0.996,2591.0,2072.0,1.0,1.0,0.9013986285505251
RUNX1,-0.0824995622659922,-0.09728853940849147,0.014788977142499271,0.2317557427347715,0.8167277333667051,-0.1724258278709891,0.007830379176699598,-0.18577047758760057,-0.01098334187643063,0.9585,0.984,2343.0,2586.0,1.0,1.0,0.9026990737210951
PPP1R15B,-0.145491788499563,-0.13140554558595274,-0.01408624291361027,-0.22323835701055122,0.8233500005165316,-0.23007908944304534,-0.053391130075719107,-0.2150561946350933,-0.03833787411225309,0.999,0.998,2245.0,2533.0,1.0,1.0,0.907743375569476
RNF217,-0.29002432946382495,-0.30250985928847196,0.012485529824647013,0.21275194945270248,0.831520444414494,-0.36815068806783935,-0.2083331040085637,-0.38446873602034093,-0.2244778132713392,1.0,1.0,2571.0,2293.0,1.0,1.01,0.9144651271491069
ITSN2,-0.03989412644530141,-0.05330329210303178,0.01340916565773037,0.20888765089904618,0.8345359446666846,-0.1344616866578081,0.0562972743214587,-0.1343188565596145,0.04028937078449846,0.792,0.8795,2420.0,2537.0,1.0,1.0,0.9152698023427059
FGFR1,-0.3963162377356245,-0.3850594951836661,-0.01125674255195841,-0.20649660469664732,0.8364030166533118,-0.4718269820480505,-0.3205295545868192,-0.4565420661173145,-0.3118837535442698,1.0,1.0,2238.0,2081.0,1.0,1.0,0.9152698023427059
RGS4,-0.12957568942100817,-0.1166952499862638,-0.012880439434744373,-0.2032978885605824,0.8389022057549462,-0.2187776982941536,-0.04650725756929214,-0.20096810099084683,-0.03027091188818498,0.9985,0.997,2540.0,2379.0,1.0,1.0,0.9157323582622062
PPAT,-0.15933655774020847,-0.14699784917420042,-0.01233870856600805,-0.1964021787474977,0.8442953910771492,-0.24949175206088942,-0.07003880314200156,-0.23101435631869705,-0.056850357019902764,1.0,0.999,2411.0,2474.0,1.0,1.0,0.9193438702840069
MPRIP,-0.141589118488207,-0.1537566503858027,0.012167531897595701,0.19335009743623305,0.8466847943888371,-0.2269354249784446,-0.05055579536457455,-0.23910164858325467,-0.0702393694230603,0.999,0.9995,2553.0,2514.0,1.0,1.0,0.9193783917544361
HERC4,-0.20178181167464473,-0.21354179916223115,0.011759987487586415,0.1910369925409149,0.8484966109842529,-0.28875225764058476,-0.1179901155226375,-0.2974946125764031,-0.129332058638147,1.0,1.0,2109.0,2549.0,1.0,1.0,0.9193783917544361
ITGAV,-0.34850982323916835,-0.35885767884530195,0.010347855606133605,0.18384651168584407,0.85413386692253,-0.4215408586107631,-0.26921026988638297,-0.4307543073055969,-0.27835131035522287,1.0,1.0,2247.0,2284.0,1.0,1.0,0.92321822380597
RHOG,-0.17354418543133573,-0.1847208507965452,0.011176665365209476,0.17949081599765326,0.8575523280035064,-0.25806979781663447,-0.0835790206326234,-0.26202646247342093,-0.09454604316923826,1.0,1.0,2467.0,2468.0,1.0,1.0,0.9246468866737075
RHOA,-0.2096412329711868,-0.19916665989784085,-0.010474573073345955,-0.1699169755669938,0.865075430682106,-0.28925856463470256,-0.11564823814794578,-0.2807725586347589,-0.11760585313751504,1.0,1.0,2195.0,1932.0,1.0,1.0,0.9291558539202288
ADAMTS1,-0.16450787977461115,-0.1540948617994316,-0.010413017975179545,-0.16607518197883886,0.8680977848282065,-0.25038631891945995,-0.07429361838339954,-0.24086976350207356,-0.0715788040451723,1.0,0.9995,1844.0,2515.0,1.0,1.0,0.9291558539202288
ATP5F1A,-0.09953572845999817,-0.11009426344978826,0.010558534989790092,0.16594567090225976,0.8681997055554,-0.18822395813084736,-0.009475723116925627,-0.19820517341645894,-0.02373685278076798,0.985,0.9915,2313.0,2432.0,1.0,1.0,0.9291558539202288
FADD,-0.2595979487156528,-0.24976456424641058,-0.009833384469242201,-0.16345292952557122,0.8701618314491032,-0.3421081177063565,-0.1759186429281941,-0.32817523400217885,-0.16734555647304322,1.0,1.0,2406.0,2329.0,1.0,1.0,0.9291558539202288
PPP1CA,-0.23267894855396076,-0.2419910712730875,0.009312122719126736,0.15338823854614686,0.8780921194108667,-0.31313521149875617,-0.1382113627122496,-0.328988639163627,-0.16073385704665094,1.0,1.0,2262.0,1978.0,1.0,1.0,0.9331479357767423
ELF1,-0.1398771131436473,-0.14953523374815594,0.00965812060450863,0.15333714288557096,0.8781324112184763,-0.22241448000391711,-0.044098244465974934,-0.23786773307708198,-0.06819662600533793,0.9985,0.999,2061.0,2122.0,1.0,1.0,0.9331479357767423
RREB1,-0.21914665576485606,-0.21076343037092324,-0.008383225393932825,-0.13662178397959052,0.8913297568338738,-0.302966993205457,-0.13916514533985552,-0.294455311984509,-0.12046102072782577,1.0,1.0,2482.0,2416.0,1.0,1.0,0.943122538170076
PAICS,-0.14900174076347572,-0.1404336309760005,-0.008568109787475214,-0.13603180040525567,0.8917961415349699,-0.23175657864198373,-0.05533332132586688,-0.2235790846776502,-0.05135798170204953,1.0,0.9975,2462.0,2363.0,1.0,1.0,0.943122538170076
MED31,-0.1188311389379419,-0.1264199082013322,0.007588769263390305,0.11976062315619586,0.9046727755425403,-0.2066059845587614,-0.026790893027921536,-0.21825218530412022,-0.04100055814611153,0.996,0.998,2568.0,2346.0,1.0,1.0,0.9544514210867471
GLIPR1,-0.16502239143546626,-0.15787459071223076,-0.007147800723235509,-0.11407886740667521,0.9091752742141178,-0.2506950943446849,-0.06970890908419447,-0.23814111865497356,-0.06702060084862493,1.0,0.999,2322.0,2672.0,1.0,1.0,0.9549803702438456
TAS2R4,-0.11257710707142257,-0.10552017010386472,-0.007056936967557853,-0.11101302146277875,0.9116060209246835,-0.21464249765075283,-0.025832320728400193,-0.20202508692609333,-0.023144997080592533,0.99,0.989,2381.0,2263.0,1.0,1.0,0.9549803702438456
DOCK5,-0.2810992411586034,-0.2876587122972021,0.0065594711385986715,0.11093158004907078,0.9116706028858481,-0.36851316691493313,-0.20544366114933688,-0.372100091361536,-0.2075935526259607,1.0,1.0,2347.0,2244.0,1.0,1.0,0.9549803702438456
AEN,-0.15680035928737057,-0.16335709995568795,0.006556740668317379,0.104598170829806,0.9166946662112063,-0.2441167674114304,-0.07208427441197918,-0.24705719949140365,-0.07079174282591172,1.0,1.0,2570.0,2490.0,1.0,1.0,0.9579676488131327
KCNK5,-0.3003429360334625,-0.3052937920185296,0.00495085598506706,0.08472512445487838,0.9324799213541274,-0.38456497172374404,-0.22090278773932498,-0.3868787155109674,-0.22807843035880637,1.0,1.0,2358.0,2510.0,1.0,1.0,0.9721599180074946
PC,-0.15562800908895186,-0.1509871435175729,-0.004640865571378966,-0.07387362438106393,0.9411109431837666,-0.2383156207761552,-0.06308599512213942,-0.2359248316867737,-0.0707255198062367,1.0,1.0,2603.0,2243.0,1.0,1.0,0.978844164962361
AXL,-0.2157260344838905,-0.2115244949064361,-0.004201539577454394,-0.06843140506758764,0.9454422227884328,-0.3016905208123586,-0.1297338619362256,-0.2974255935369445,-0.13208164988606663,1.0,1.0,1922.0,2174.0,1.0,1.0,0.9810353417639973
KBTBD2,-0.19228345434520422,-0.18841529979438626,-0.0038681545508179593,-0.06238680181300259,0.9502548051135987,-0.27771889758464546,-0.10174405973030498,-0.27965420882235814,-0.10688021548508247,0.9995,1.0,2696.0,1768.0,1.0,1.0,0.9837144813499931
CD44,-0.30077684015913575,-0.3040247459867764,0.0032479058276406736,0.05556659044770665,0.9556870803258739,-0.37763829519405473,-0.2116659888756951,-0.38925318343545584,-0.23254567774749996,1.0,1.0,1706.0,2302.0,1.0,1.0,0.9850725107921419
PKN2,-0.057652866028832045,-0.05423806213877502,-0.003414803890057022,-0.05324612233999039,0.95753580739912,-0.15582640233264478,0.024261225597583813,-0.13347026464661654,0.0430293943945903,0.901,0.8855,2410.0,2380.0,1.0,1.0,0.9850725107921419
PIM2,-0.1753055888616323,-0.1784448461976773,0.003139257336045004,0.050372278998409,0.9598257264886177,-0.26156377057302477,-0.082585716289719,-0.2677875175164659,-0.10127030095446732,1.0,1.0,2114.0,2565.0,1.0,1.0,0.9850725107921419
SNAI1,-0.2588626475945188,-0.2561454580437783,-0.0027171895507405175,-0.04523526971468395,0.9639197818455316,-0.34882574741123257,-0.17972395904770178,-0.3438246352362744,-0.17579163438284257,1.0,1.0,2369.0,2150.0,1.0,1.0,0.9850725107921419
EBLN2,-0.15795999867346308,-0.1607546594863656,0.0027946608129025274,0.044571889424607304,0.9644485493731293,-0.24598389667576326,-0.07638579324784583,-0.24248413600073399,-0.07701896591550023,1.0,1.0,2514.0,2402.0,1.0,1.0,0.9850725107921419
RAC1,-0.12301056275225472,-0.12572854656304255,0.002717983810787833,0.04291188429403107,0.965771775181351,-0.20748786830423832,-0.027005038718175223,-0.21483629143652538,-0.04114399915292877,0.998,0.9975,2658.0,2335.0,1.0,1.0,0.9850725107921419
MYH9,-0.13508796439282467,-0.13270478010420195,-0.0023831842886227195,-0.03772028712461954,0.9699107007197938,-0.22329371794143066,-0.044131672583916925,-0.21226889441004038,-0.03883762201765334,0.998,0.9975,2207.0,2382.0,1.0,1.0,0.9850725107921419
RBPJ,-0.21296599039269135,-0.21524060839073464,0.0022746179980432935,0.03705509764884438,0.9704410743045966,-0.28849597353066425,-0.11927710804954184,-0.2975318215843836,-0.1205428483731113,1.0,1.0,2376.0,2188.0,1.0,1.0,0.9850725107921419
ZBTB7A,-0.185666418484709,-0.1834595152151641,-0.0022069032695448965,-0.03551364800480268,0.9716701637065345,-0.27433069634920043,-0.09956109938604646,-0.26747092448703785,-0.09849403894093095,1.0,1.0,2317.0,2597.0,1.0,1.0,0.9850725107921419
TBX2,-0.3455343043331466,-0.346870843713204,0.0013365393800574,0.023604163356870152,0.9811683511991302,-0.42162782894277345,-0.2597747451825984,-0.42236725444688883,-0.2712181660340924,1.0,1.0,2366.0,2019.0,1.0,1.0,0.988176024376686
CBFB,-0.13416984322139813,-0.13276821934491165,-0.0014016238764864852,-0.022181871197198864,0.9823028787223237,-0.22191216696094912,-0.04284109523970825,-0.21434397131642496,-0.04609510185314969,0.9975,0.9985,2150.0,2427.0,1.0,1.0,0.988176024376686
RPL7A,-0.10221750279913969,-0.10357764413132375,0.0013601413321840672,0.02136816644599407,0.9829519672610825,-0.18783428966911592,-0.006835360844757554,-0.18410890703720106,-0.02049903508502965,0.985,0.991,2095.0,2690.0,1.0,1.0,0.988176024376686
KLF5,-0.6025674339002399,-0.6033647194168945,0.0007972855166545889,0.019472531205892252,0.9844641498098482,-0.6613759268761927,-0.5482241259345733,-0.6599553630664727,-0.5516303511652954,1.0,1.0,1557.0,1956.0,1.0,1.0,0.988176024376686
TCF3,-0.0711012802146859,-0.06997281690941737,-0.001128463305268529,-0.017628447450688083,0.9859352624166481,-0.15771661123316738,0.017443264897642807,-0.16362327431445678,0.01444816649893843,0.946,0.9375,2381.0,2388.0,1.0,1.0,0.988176024376686
DDX39B,-0.17243580011198018,-0.17207253398529979,-0.0003632661266803894,-0.005819242857826758,0.9953569421732916,-0.25590272174436923,-0.08101765744964995,-0.2595039617697721,-0.0924515967408332,1.0,0.9995,2589.0,2463.0,1.0,1.0,0.9953569421732916
